Gender,Region_Code,Prefecture,Estimated_Population_10_and_over,Total_Learning_and_Self_Development,Foreign_Languages,English,Foreign_Languages_Other_than_English,Total_Business_and_Commerce,Information_Processing_PC_etc,Business_and_Commerce_Practical,Caregiving,Home_Economics_and_Housekeeping,Humanities_Social_Natural_Sciences,Arts_and_Culture,Other_Learning,Total_Sports,Baseball_including_catch,Softball,Volleyball,Basketball,Soccer_including_futsal,Table_Tennis,Tennis,Badminton,Golf_including_driving_range,Ground_Golf,Judo,Kendo,Bowling,Fishing,Swimming,Skiing_and_Snowboarding,Mountain_Climbing_and_Hiking,Cycling,Jogging_and_Marathon,Walking_and_Light_Exercise,Yoga,Training_with_Equipment,Other_Sports,Total_Hobbies_and_Recreation,Watching_Live_Sports,Art_Appreciation_in_person,Attending_Performing_Arts,Watching_Movies_at_Cinema,Watching_Movies_other_than_cinema,Attending_Classical_Music_Concerts,Attending_Popular_Music_Concerts,Listening_to_Music_CD_smartphone_etc,Playing_Musical_Instruments,Traditional_Japanese_Music,Chorus_and_Vocal_Music,Karaoke,Traditional_Japanese_Dance,Western_and_Ballroom_Dance,Calligraphy,Flower_Arrangement,Tea_Ceremony,Japanese_and_Western_Sewing,Knitting_and_Handicrafts,Cooking_and_Baking_for_pleasure,Gardening,DIY_Woodworking,Painting_and_Sculpture,Ceramics_and_Crafts,Photography,Creative_Writing,Reading_for_pleasure_excluding_manga,Reading_Manga,Go,Shogi,Pachinko,Video_Games_smartphone_console,Visiting_Amusement_Parks_Zoos_Aquariums,Camping,Other_Hobbies,Total_Volunteer_Activities,Health_and_Medical_Services,Activities_for_the_Elderly,Activities_for_People_with_Disabilities,Activities_for_Children,Sports_Culture_Arts_Academic_Activities,Community_Development,Community_Safety,Nature_and_Environmental_Conservation,Disaster_Relief,International_Cooperation,Other_Volunteer_Activities,Total_Travel_and_Excursions,Day_Trips,Overnight_Trips,Domestic_Travel,Sightseeing_Travel,Homecoming_and_Visiting_Travel,Overseas_Travel_Sightseeing,Sleep,Personal_Care,Meals,Commuting_to_work_or_school,Work,Academic_Study,Housework,Caregiving_and_Nursing,Childcare,Shopping,Travel_excluding_commuting,TV_Radio_Newspapers_Magazines,Rest_and_Relaxation,Learning_and_Self_Development_non_academic,Hobbies_and_Recreation,Sports_Activity,Volunteer_and_Social_Activities,Socializing,Medical_Appointments_and_Care,Other_Daily_Activities,Commuting_Time,Work_Time,Study_Time,Wake_up_Time,Breakfast_Start_Time,Dinner_Start_Time,Bedtime,Departure_Time_for_Work,Arrival_Time_from_Work
0_総数,R00000,全国,112462,39.6,14.1,12.8,4.2,20.1,16.5,8.5,3.6,13.5,9.8,11.2,7.9,66.5,6.3,1.5,3.5,3.6,4.7,4.9,3.4,6.1,6.9,1.7,0.4,0.5,5.1,7.8,5.7,3.2,7.7,8.2,11.1,44.3,5.5,12.9,4.6,86.3,14.5,11.4,6.7,29.8,52.7,3.9,5.9,53.5,10.2,3,1.7,13.5,1,1.1,3.4,1.3,0.8,5.5,8.8,19,26,11,3.4,1.6,21.9,2.2,31.6,36.8,0.9,3,6.3,42.9,19,6,3.7,17.8,2.1,2.4,0.9,4.6,2.8,7.4,3.1,3,0.8,0.8,2,49.5,40.5,32.3,32.2,25,14.3,0.4,474,84,99,31,208,38,87,3,14,26,22,128,117,13,48,13,2,10,7,16,79,340,393,6:38:00,7:11:00,18:58:00,23:04:00,8:20:00,18:34:00
0_総数,R01000,北海道,4614,35,11.1,9.9,3.3,17,14.1,6.7,4.1,13.3,8.4,10,7.8,62.2,7.3,1.1,4.1,3.8,4.4,4.8,2.5,6.1,5.2,1.8,0.4,0.3,4.6,8.8,4.7,8.3,6.1,7.5,9.7,40.6,5,11.8,5,85.4,15.5,8.8,4.6,23.3,51.7,3.9,5.6,51.9,9.5,2.7,1.3,14.8,1,0.9,3,1,0.7,5.9,10.7,18.7,27,12.4,3.1,1.3,21.2,1.8,29.4,35.5,0.7,2.7,7.8,44.2,16.3,9.1,3.8,16.3,2,2.5,0.8,3.3,2.1,6.9,2.6,2.8,0.7,0.7,2.2,51,40.3,34.7,34.5,24.7,18.2,0.4,480,83,94,24,199,31,86,3,13,24,18,155,127,10,48,11,2,10,7,15,64,343,391,6:33:00,7:13:00,18:36:00,22:50:00,8:19:00,18:07:00
0_総数,R02000,青森県,1090,25.4,7.4,6.6,2,12.7,10.3,5.2,2.5,8.9,5.9,6.8,4.9,52.1,5.8,0.6,2.9,4,3.5,2.8,2.1,4.4,2.8,0.7,0.2,0.2,3.3,9.4,3.2,4.4,4,4,8.1,32,2.7,9.1,3.3,78.6,11.9,8.4,3.2,21.1,43.5,1.9,3.4,43.4,5.5,2.7,1,10.9,1,0.7,2.2,1,0.5,4.1,8.3,13.9,24.4,10.3,1.7,0.9,14.6,1.5,22.7,29.3,0.8,2.2,7.6,34.4,10.7,5.3,2.5,14,1.3,1.2,0.5,3.7,2.5,6.1,1.8,1.8,0.4,0.2,1.4,36.6,30.2,19.7,19.6,13.8,9,0.2,488,83,100,23,221,34,83,3,10,25,17,149,117,6,42,9,1,8,8,12,61,370,423,6:17:00,6:59:00,18:31:00,22:29:00,8:09:00,18:01:00
0_総数,R03000,岩手県,1075,28.9,7.7,7.1,2.4,12.8,10.3,5.4,3,10.5,6.7,7.6,6,59.1,5.8,1.7,3.6,4.2,4.3,5,2.6,5.8,3.7,1.6,0.6,0.4,3.6,9.4,5.2,4,5.7,4.4,9.2,35.8,3.6,9.8,3.6,82.9,13.2,8.9,4.5,19.2,45.1,3.8,4.5,46,7.1,2.7,2.1,11.2,1.1,0.7,3.2,1.4,0.9,5.7,10.5,17.5,28.8,12.9,2.6,1.6,18.2,1.6,25.3,31.3,0.9,2.2,8,36.9,8.2,3.7,2.8,24.4,2.6,3.1,0.9,5.4,3.1,13.7,4.6,4.5,1,0.6,2.3,45.3,37.6,26,25.9,20,10.2,0.2,480,82,100,25,218,40,85,3,10,24,21,138,120,8,40,11,2,7,6,17,63,362,472,6:21:00,6:59:00,18:44:00,22:35:00,8:09:00,18:06:00
0_総数,R04000,宮城県,2065,37.5,12.4,10.9,4,18.9,16,7.4,3.1,13.8,10.1,9.6,6.6,64.4,7,1.2,4.1,4.7,5,4.9,2.7,7.4,5.1,2,0.3,0.4,4.7,9.1,5.9,3.9,6.4,6.5,11.5,40.9,4.7,13.3,4.4,87,19.2,9.2,6.4,29,51.6,3.8,5.5,54.1,9.8,2.9,1.5,13,0.8,0.7,3,0.9,0.5,5.2,9.2,20.2,27.3,11.4,2.5,1.8,21.5,2.7,33,38.9,0.9,2.7,7.5,42.5,17.9,6.2,3.2,20.7,2,2.9,1,5.5,2.7,10.6,4.3,3.4,1.2,0.6,2.1,52.2,43.3,32.2,32,23.3,16.3,0.3,484,81,99,30,213,38,84,3,12,24,18,121,123,9,53,12,2,10,7,16,73,352,395,6:31:00,7:12:00,18:49:00,22:49:00,8:08:00,18:26:00
0_総数,R05000,秋田県,849,29.2,7.4,6.8,1.8,13.6,11.4,5.7,2.7,11.7,6.6,8,6.6,57.1,7,0.9,3.8,5.3,3.7,4.8,2.2,5.2,4.5,2.9,0.6,0.6,2.5,8,4.3,5,4.7,5.1,9.4,35.7,2.8,9.7,3.3,82.1,15,9,4.4,21.9,46.6,3.3,3.6,45.1,6.9,2.5,1.3,11.8,1,0.6,2.7,1.5,0.9,5.8,9.6,17.5,26.9,12.7,2.1,1.1,15.9,1.2,24.6,29.9,0.5,1.4,6.7,33.7,14.6,4,3.1,20.9,1.4,2.5,0.4,5,2.5,10.5,3.2,2.8,0.6,0.3,1.5,44.8,39.5,23.6,23.5,19.8,7.3,0.5,486,84,104,22,200,30,95,2,8,28,17,144,123,9,44,10,2,9,9,14,60,340,424,6:21:00,7:08:00,18:38:00,22:31:00,8:19:00,18:02:00
0_総数,R06000,山形県,944,31.1,8.8,8.1,2.6,14.7,11.7,5.9,3.8,11.9,7.3,9.1,6.9,58.4,5.3,1.6,4,3.6,4.5,5.1,2.4,5.8,4.1,2.9,0.3,0.9,3.3,8.3,3.8,4.9,7.7,5,9.6,36.2,3.5,10.1,2.9,82.4,13.1,10.9,4.5,27.1,46.2,4.1,4.3,45,7.5,2.9,1.8,12.5,0.8,0.8,3.5,1.9,1,5.7,9.3,17.1,29.1,11.3,2.6,1.9,17.8,1.9,25.2,32.7,0.6,2.2,6.9,35.8,12.6,5.9,2.9,23.6,2.1,3,1,6,3.1,13.6,5.1,4.4,0.9,0.5,2.1,44.3,38.6,22.7,22.6,17.8,8.1,0.2,483,81,100,22,219,35,86,4,15,26,17,139,119,7,41,11,2,9,9,16,56,357,429,6:27:00,7:10:00,18:51:00,22:41:00,8:20:00,18:27:00
0_総数,R07000,福島県,1632,31.5,8.8,8.1,2.3,15,11.7,6.5,3.6,11.7,7.8,7.7,6.9,59.5,5.6,2.5,3.6,3.5,3.3,4.8,1.8,6,6.7,1.6,0.4,0.4,3.5,7,4.1,3.4,6.4,6.1,8.6,37.4,3.5,12.6,2.9,81.5,11.2,9.8,3.5,21.2,46.7,2.5,3.5,47.7,7.3,2.7,1.5,11.1,1,0.9,2.5,1.1,0.7,4.3,8.2,16,27.6,11.4,2.3,1.4,17,2.1,25.2,34.3,0.8,2.6,7,37.4,13,4.7,2.9,19.7,1.9,2.8,0.7,4.5,2.6,10.1,3.6,3.1,0.9,0.6,1.3,44.4,38.1,23.1,23.1,17.5,9.3,0.2,479,78,99,27,218,38,82,3,10,24,21,141,116,10,46,12,2,8,8,18,66,351,439,6:26:00,7:03:00,18:51:00,22:42:00,8:09:00,18:18:00
0_総数,R08000,茨城県,2572,36.5,13.2,12.3,3.3,20,16.6,8.2,2.8,12.8,9.6,9.9,8,65.8,6,1.4,3.7,3.7,5.7,5.1,3.6,7.1,8.1,1.6,0.5,0.5,4.5,6.6,4.9,2.5,8.8,9.2,11.5,45.2,5,11.9,4.3,85.3,12.1,8.5,3.8,28.6,50.2,2.9,3.1,50.3,8.5,2.4,1.2,12,0.6,1.2,3.7,1.2,0.8,4.8,7.9,18.8,32.2,13,3.4,1.4,22.2,1.8,29.3,34.7,0.8,2.7,6,41.2,17.4,4.9,3.6,17.1,1.9,2.1,0.8,4.3,3,7.1,3,3.4,0.9,0.9,1.7,45,38.1,25.9,25.9,20.1,10.6,0.6,476,82,102,31,209,39,85,3,10,27,21,132,119,10,48,14,1,8,5,18,78,342,395,6:35:00,7:06:00,19:05:00,22:55:00,8:15:00,18:26:00
0_総数,R09000,栃木県,1730,32.8,10.8,9.7,3,16.8,13.6,7.9,2.5,11,7.3,8.5,5.9,62.6,4.9,1.2,3,3.6,4.4,3.6,3,6,8,1.6,0.1,0.5,4.6,6.3,4.8,3.7,8.5,7.1,9.7,39.7,3.7,12.7,3.4,83.9,13.4,7.1,3.9,25.9,47.7,2.7,3.9,48.9,8.5,2.1,1.3,12.6,0.6,1.1,2.7,0.9,0.5,4.7,7.4,16.7,29.4,11.1,2.9,1.7,19.3,1.6,25.8,33,0.6,2.6,6.2,40.5,18.5,5.2,3.2,16.5,1.7,2.2,0.6,4.7,2.8,7.2,2.7,3,0.4,0.3,1.1,47.3,40.1,28.2,28.1,22.5,11.6,0.4,475,82,102,28,221,39,85,4,12,26,18,130,120,10,43,13,2,8,8,15,70,355,442,6:26:00,7:02:00,18:56:00,22:49:00,8:08:00,18:33:00
0_総数,R10000,群馬県,1724,35.2,11.4,10.4,3.5,16.8,14.3,6.6,3.2,13.5,8.3,9.4,6.6,67,5.9,1.2,3.2,3.5,4.5,4.4,3.2,5.8,7.6,2.7,0.6,0.4,4.1,5.5,4,4.5,8.3,7.9,10.8,45.8,4.3,12.6,4,85.2,11.6,8.7,4.2,27.9,51,4,4.5,52,8.7,2.4,1.5,13.3,0.9,1.2,3.2,1.2,0.7,5,7.9,17.5,32.8,11.6,3.2,1.7,21.7,2.1,27.5,34.8,1.1,2.6,5.4,40.1,16.5,4.8,2.5,19.2,2.1,2.4,0.6,4.9,1.7,9.4,3.2,3.6,0.6,0.5,2,50.8,43.7,28.8,28.8,23.8,9.9,0.2,475,83,100,27,209,40,88,2,14,25,22,135,117,10,44,15,3,10,5,17,67,342,411,6:27:00,7:10:00,18:54:00,22:53:00,8:13:00,18:20:00
0_総数,R11000,埼玉県,6622,40,13.6,12.3,4.2,20.7,16.8,9.3,3.7,12.9,10.4,11.7,8.7,69.3,6.7,1.5,2.6,4.1,5.6,5,4.1,6.6,6.5,1.6,0.5,0.6,4.9,6.1,5.9,3.6,8.5,9.5,12.9,47.4,5.5,14.4,4.9,88.4,14.7,9.4,7.6,32.8,55.6,4.2,6.4,56.3,11.2,2.9,1.9,13,0.7,1.4,3.9,1.2,0.5,6.1,9.1,19.4,28.2,11.8,3.5,1.4,23.6,2,34.4,38.8,1,3.4,5.5,44,18.5,6.3,4.4,15.6,2,1.9,0.7,3.9,2.4,5.2,2.5,2.4,0.5,0.8,2.2,51.5,42,34.1,34.1,27.3,13.5,0.3,471,83,102,36,200,39,91,4,16,26,23,125,112,15,50,13,2,10,8,14,94,331,384,6:36:00,7:11:00,19:05:00,23:06:00,8:12:00,18:41:00
0_総数,R12000,千葉県,5670,42,15.7,14.3,4.6,21.9,18.1,9.6,3.3,14.5,10.4,10.8,7.4,67.4,5.6,0.9,3.1,4,4.6,4.4,4,5.7,7.4,1.2,0.3,0.7,4.2,5.9,5.2,2.5,5.7,8,12.5,46.9,6.1,13.2,4.1,87,13.7,8.7,6.3,31.6,53.8,3.3,6.3,55.4,9.9,3.2,1.5,12.5,1.1,1.1,2.8,0.9,0.6,6.2,9.2,19.3,26,10.5,3.4,1.4,22.4,2.4,33.7,36.8,1,2.9,5.2,43.7,19.1,5.8,3.6,14.9,1.7,2.1,0.7,4.1,2.1,4.6,2.2,2.5,0.5,0.8,1.6,47.9,38.6,32.5,32.5,25.3,14.6,0.4,471,83,102,36,209,37,87,3,14,27,22,124,117,14,50,12,2,10,5,17,95,338,387,6:36:00,7:15:00,19:07:00,23:08:00,8:20:00,18:55:00
0_総数,R13000,東京都,12724,52.8,23.3,21.2,7.1,29.2,23.2,13.1,3.9,15.7,14.6,17.3,10,74.5,6.7,1,2.9,2.7,4.9,6.2,3.6,7.1,7.4,0.9,0.2,0.5,6.6,5,8.6,4.4,9.8,14.4,15.3,52.3,8.4,15,6.2,91.4,15.1,17.8,12.6,37.4,62.4,6.2,8.3,64.4,14.5,3.5,2.1,16.1,1.5,1.7,3,1,0.8,5.9,8.4,21.9,22.3,9.6,4.5,2.1,27.2,3.5,43.4,43.2,1.1,3.6,4.4,48.3,23.7,6.7,5,15.5,2.4,2.1,1.2,4.5,3.6,3.4,2.7,2.2,0.9,1.4,2.2,55.5,44.5,41.9,41.7,34.2,19.1,0.4,468,85,99,36,222,35,82,2,15,26,26,106,118,18,56,12,2,11,7,14,95,339,360,6:59:00,7:28:00,19:17:00,23:39:00,8:43:00,19:15:00
0_総数,R14000,神奈川県,8344,46.7,18.1,16.4,5.2,25.4,21.2,10.8,3.3,14.5,12.1,13.7,9,71.8,7.1,1.3,3.1,3.7,5.9,5.5,4.7,6.4,7.2,1.3,0.4,0.6,5.5,6.8,6.5,3.4,9.6,9.8,12.6,49.3,7.6,15,5.7,89.2,15.2,12.3,7.8,34.4,58.8,4.8,7.9,59.5,12.1,3.2,2.2,14,0.9,1.6,3.4,1,0.9,6.3,9.7,20.6,25.7,10.7,4,1.9,26.7,2.5,38.7,41.2,0.9,3.2,5.2,47.9,24,6.8,3.9,17,1.9,2.2,0.9,5.1,3.5,5.7,2.5,2.6,0.8,1,1.9,54.5,43.7,38.2,38.1,30.1,16.1,0.5,468,81,101,36,206,37,89,2,14,27,23,124,119,14,53,13,2,9,7,14,100,330,362,6:43:00,7:16:00,19:08:00,23:14:00,8:19:00,19:00:00
0_総数,R15000,新潟県,1955,34.5,8.9,8,2.6,16.1,12.8,7.1,3.4,12.6,8.5,9.6,6.2,59,4.7,0.7,3.7,4,4.3,4,1.8,6.1,5.1,1.1,0.2,0.4,2.8,8.5,5.1,6.3,7.2,6.1,9.5,37,4.9,11.4,3.4,84,13.7,12.5,4.5,26.6,49.1,2.9,5.1,48.2,8,2.7,1.4,12.1,0.8,1,3.7,1.4,0.7,5.4,8.3,17.5,28.5,10.9,3.1,1.1,19,1.9,28.2,35.1,1.1,3.1,5.3,38.3,16.7,5.1,4.1,19.3,1.9,1.7,0.6,4.6,2.7,9.5,3.5,3.1,0.5,0.5,1.5,47.6,39.1,29.7,29.7,24.5,10.3,0.4,478,85,101,25,209,35,87,3,13,25,24,139,118,8,47,10,2,10,6,14,60,339,415,6:30:00,7:04:00,18:47:00,22:43:00,8:18:00,18:10:00
0_総数,R16000,富山県,922,33.4,9.7,8.9,2.9,16,13.2,6.5,2.8,11.4,7.5,10,6.5,59.7,5.1,1.4,2.3,4.2,3.8,3.8,2.8,5,4.7,1.3,0.6,0.4,4.2,7.6,4.5,6.2,7,6.1,10.2,37.2,3.7,10.8,5.1,82.6,14,13.1,5.8,30.9,48,4.2,4.6,44.3,8.6,2.2,1.2,11.2,0.9,0.8,3,1.5,1.3,4.3,7.7,16.1,25.1,11.4,2.5,1.1,18.3,1.7,26.3,32.7,0.8,2.5,6.5,36.6,16.6,4.3,3.7,19.5,1.6,2.9,0.7,4.4,3,9.5,4.9,3.3,0.6,0.7,1.4,41.1,33.9,25.1,25,20.2,8.9,0.3,475,79,99,27,224,36,84,3,10,23,18,141,119,11,42,11,3,10,8,15,64,355,432,6:24:00,6:56:00,18:50:00,22:44:00,8:23:00,18:22:00
0_総数,R17000,石川県,997,35.6,10.4,9.7,2.2,17.7,15,6.4,3.7,12,7.3,9.1,7.5,63.4,5.6,1.5,3.5,4,4,5.1,2.2,6.5,6.3,2.4,0.3,0.4,4.8,7.9,4.5,4.3,5.7,5.4,10.2,40.2,4.7,11.9,4,86.2,12.7,13.4,5.6,30.5,50.1,4.2,5.2,51,8.5,2.8,0.9,12.3,0.8,0.6,3.5,2,1.2,4.9,8.1,18.2,25.2,9.8,2.9,1.7,18.1,1.8,28.3,38.6,0.5,2.8,8.1,42.5,14.7,4.6,3.8,20.7,1.9,2.2,0.7,4.9,3.2,10.6,4,3.7,0.8,0.5,1.7,44.7,34.6,28.6,28.6,21.3,13,0.3,479,83,97,26,224,40,79,2,13,23,20,134,116,10,49,14,2,11,5,14,60,353,398,6:34:00,7:05:00,18:52:00,22:52:00,8:15:00,18:20:00
0_総数,R18000,福井県,677,35.8,10.4,9.3,2.5,16.9,13.4,7.6,3,12.8,7.7,10,7.1,61.5,6.1,1.9,4.1,4.2,4,5.4,2.3,7.2,5.8,1.8,0.3,0.7,5.9,7.3,5.3,3.3,7.5,6.6,10.1,38.8,4.5,11.5,4.1,85.2,12.4,13.8,4.8,31.3,50.8,4.6,5,49.3,8.8,3.1,1.4,12.7,1.3,0.9,3.5,1.5,1.1,4.8,7.6,18.4,25.7,11.1,3,2.1,19.2,1.8,27,35.1,0.7,2.9,7.9,39.9,14.8,5,3.9,21.7,2,2.6,0.9,5.5,3,12.1,3.5,3.4,0.7,0.6,1.7,44.3,37.7,23.8,23.8,18.3,8.6,0.4,481,83,99,26,223,41,88,3,15,24,18,124,115,12,40,11,2,11,6,17,62,351,452,6:28:00,7:01:00,18:48:00,22:51:00,8:13:00,18:15:00
0_総数,R19000,山梨県,725,36.5,13,11.6,3.8,17.5,14.2,7.1,3.5,12.4,9.9,11,7,62.2,5.4,2,3,3.1,5.2,3.2,3,5.6,7.8,2.2,0.1,0.4,4.4,5.9,4.1,3.7,8.8,6,9.9,40.2,4.7,12.1,4.1,83.1,14.5,12.1,5.4,24.9,47.5,4.1,5.3,47.8,9.6,2.9,1.6,12.3,0.9,0.8,3.9,1.4,0.8,4.9,9.1,18.8,29.6,11.5,3.9,1.6,19.2,2.8,28.3,32.1,1,3.3,5.9,36.8,14.7,6,3,21.1,2.2,3.1,1.1,4,3,9.4,4.5,4.5,1.3,0.7,1.9,46.7,39.9,26.9,26.8,21.2,11.1,0.2,479,86,105,26,217,40,87,3,9,25,21,121,120,12,39,12,2,10,8,17,64,346,431,6:30:00,7:06:00,18:52:00,22:49:00,8:29:00,18:32:00
0_総数,R20000,長野県,1824,36.6,10.8,9.3,3.3,17.4,14,7.1,3.5,12.7,8,10,7,64,5.8,1.6,4.3,4.3,4.3,4.2,2.1,6.1,7.8,1.1,0.3,0.9,4.5,6.9,7,7.8,9.7,6.4,9.3,40.7,5.3,10.5,5.1,84.8,14.3,11.7,5.9,26,48.2,4.1,5.1,49,9.7,2.3,2.1,14,0.8,1,3.7,2,0.7,5.3,8.9,20.1,32.3,12.2,3.1,1.7,19.8,2.6,30.3,34.6,1.1,2.4,5.8,36.9,13.4,5.8,3.3,22,1.8,3.2,0.9,5.2,3.4,10.4,4.1,4.7,1.4,0.4,2.4,46.9,38.7,28,28,21.8,11.5,0.2,476,85,105,27,217,41,91,4,16,22,20,118,114,11,44,13,3,8,10,16,67,348,439,6:22:00,6:59:00,18:51:00,22:43:00,8:02:00,18:13:00
0_総数,R21000,岐阜県,1764,36.1,11.7,10.9,3.6,17,13.8,7.2,4.2,12.4,8.2,8.9,7.9,64.1,5,1.2,4.3,3.3,2.7,4.2,3,6.3,7.1,1.8,0.2,0.5,4.8,8,3.6,3.3,8.1,6.4,7.3,41.1,4.9,11.8,4.1,84.9,11,8.7,5.2,27.3,48.2,2.9,4.2,48.4,8.5,2.6,1.6,11.8,0.8,0.9,3.9,1.7,1.1,4.9,7.8,17.8,27.6,12.2,2.9,1.4,18.5,2,25.1,33.9,0.8,2,7.8,41.8,15.5,5.4,3.6,21.7,2.3,3,1.2,5.9,3.6,10.4,4.2,4.3,1,0.9,2.2,48.6,42.1,27.4,27.1,22.1,10.1,0.4,474,78,96,29,210,42,88,4,12,23,21,131,121,11,49,13,2,11,7,18,70,339,413,6:30:00,7:04:00,18:44:00,22:54:00,8:14:00,18:02:00
0_総数,R22000,静岡県,3241,36.5,11.1,10.1,3,18.4,14.9,7.2,3,12.3,8.1,10.3,7.8,66.3,4.5,1.5,4,3.2,5.2,4.5,3.4,5.5,5.8,1.8,0.2,0.3,4.8,8,6.2,1.4,7.1,6.6,10.6,44.8,5,12.2,4.2,85.1,13.1,10.5,5.1,27.5,50,3.8,4.5,50.1,9.7,3,1.9,12.8,1.3,1,2.8,1.6,0.8,5.8,9.5,18.5,28.4,10.8,3.7,1.7,21,2.2,29.3,36.5,1,3.3,6.6,42.8,16.7,5.6,3.7,18.9,1.5,2.6,0.6,4.1,2.4,8.8,4.3,3.9,1,0.7,1.4,41.3,37.1,23.1,23,18.5,9.1,0.3,469,86,99,27,205,39,92,2,11,26,20,141,119,9,47,13,2,10,7,15,68,333,429,6:24:00,7:00:00,18:40:00,22:51:00,8:07:00,18:12:00
0_総数,R23000,愛知県,6728,39,15,13.5,4.1,19.5,15.5,8.1,3.2,12.8,8.9,10.3,7.1,68.8,6.9,1.8,3.8,4.3,6,6,3.9,6.4,9,1.7,0.2,0.5,6.6,9.5,6.9,4.3,8,7.9,11.3,44.4,6.1,13.5,5.5,89.3,16,12.1,6.8,33.5,56.3,3.9,6.7,57.1,11.2,3.2,1.6,14.9,1,1.1,4.1,1.3,0.9,6.2,8.8,20.1,26.4,10.9,3.5,2,23.8,1.6,31,40.2,1,3.4,7.9,48.4,25.5,8.9,4.2,16.6,1.9,2.1,1.1,4.4,2.3,6.6,3.5,2.9,0.6,0.7,1.3,57.6,47.1,39.9,39.9,31.1,17.2,0.4,473,82,97,32,214,38,86,3,18,27,24,122,115,12,50,13,2,11,7,15,78,347,390,6:37:00,7:05:00,18:56:00,23:02:00,8:22:00,18:42:00
0_総数,R24000,三重県,1574,34.4,10.7,9.6,2.9,15.3,12.5,6.4,3,12,7.5,9,7.1,64.3,6.9,1.9,3.1,3.2,5.1,5.3,3.5,5.9,7.4,2.5,0.1,0.3,5.1,9.3,4.1,2.1,6.5,6.2,9.8,42.9,3.9,11.4,4.5,84.2,12.2,8.4,5.1,27.9,48.9,2.4,5.5,49.1,8.3,2.5,1.5,12.5,1.2,1,3.8,1.4,1.1,5.3,8.5,18.4,28.4,12.1,3,1.7,20,1.6,26.8,34.6,0.7,3.3,7.9,41.1,15,4.7,3.6,19.3,1.6,2.7,0.8,4.2,2.6,9.7,3.6,3.1,0.7,0.3,1.5,47,40,28.1,28,21.4,12.6,0.2,477,80,98,29,203,38,91,3,17,26,20,129,120,11,46,15,2,9,8,17,76,334,425,6:35:00,7:05:00,18:43:00,23:00:00,8:16:00,18:07:00
0_総数,R25000,滋賀県,1261,39.7,12.8,11.6,3.2,19.1,15.8,7.7,3.4,14.4,9.5,10.4,9.5,67.2,6.6,1.2,3.4,3.4,4.3,4.4,4.5,7,7,3.4,0.5,0.8,4.9,7.7,4.9,4.3,8.4,8,11,44.2,5.6,12.7,4.2,86.4,14.1,11.1,5.2,29.1,50.7,3.1,4.3,52.8,10.3,2.9,1.5,14.1,0.9,0.9,3.8,1.8,0.9,5.5,9.2,20.1,27.8,13.6,3.9,2.1,21.8,2.1,29.1,37.1,0.4,3,5.7,43.9,16.9,7.3,3.7,24.2,2.3,2.9,1.2,6.2,3.4,13,5.4,3.6,1.3,0.6,3.4,52.2,42.9,34.3,34.1,25.8,15.9,0.6,478,86,96,29,206,43,93,3,15,27,20,110,121,13,48,14,3,10,7,18,72,338,402,6:40:00,7:06:00,19:03:00,23:04:00,8:21:00,18:35:00
0_総数,R26000,京都府,2311,43.5,15.8,14.5,5.5,21.7,18.4,8.2,4,16.1,12.2,13.7,10,67,6.8,1.5,4,2.9,3.8,5.3,3.9,6.2,6.4,1.7,0.6,0.3,5.7,7.1,5.2,3.4,9.7,9.7,10.7,45,5.6,11.1,5.3,85.6,15.2,15.4,8.8,30.3,53.1,4.4,7.6,53.7,11.4,3.3,1.7,13.4,0.9,1.3,3.5,1.7,1.2,6.1,9.3,19.5,24.8,10.6,4.4,2,23.5,3.1,33.4,37.2,1,3.2,4.7,43.2,23.9,5.8,3.3,16.6,2.5,2.4,1,3.8,3,5.5,2.5,2.9,0.4,0.7,2.5,54.2,43.8,37.7,37.6,28.6,19.4,0.7,476,87,100,31,186,43,94,3,15,27,24,125,116,13,44,14,2,11,8,21,81,321,380,6:44:00,7:15:00,18:52:00,23:11:00,8:19:00,18:22:00
0_総数,R27000,大阪府,7913,41.3,16.7,15.4,5.4,21,17.4,9.3,4.7,14.8,11,11.3,7.9,66.1,6.3,1.8,3.1,3.2,4.6,4.8,3.2,5.5,8.4,1.2,0.5,0.5,5.2,7.1,6.1,2.1,8.3,9.1,10.7,44.8,5.8,14,4.1,86.7,14.7,11.7,8.2,33.5,54,3.8,7.7,54.2,10,3.4,1.3,14.6,0.8,1.1,3.3,1.2,0.7,5.2,9.1,19.3,19.5,10,3.5,1.4,21.2,1.9,31.8,38.2,0.9,3.4,8,45.7,22.1,5.5,3.7,14.5,3.2,2.9,1.2,4.3,2.6,5.2,2.7,2.6,1.1,1,2,51.9,42.3,35.6,35.5,28.2,16,0.2,471,85,102,34,199,37,84,3,15,27,21,133,113,15,52,14,2,11,8,15,87,331,337,6:48:00,7:19:00,19:05:00,23:17:00,8:21:00,18:41:00
0_総数,R28000,兵庫県,4871,39.5,13.4,12,4.1,19.9,16.7,7.7,3.5,14.2,9.3,10.6,7.4,66.4,6.6,1.4,3.6,3,4.2,4.6,4,5.5,8.8,2.6,0.4,0.4,4.4,8.4,4.8,2.7,9.8,7.6,8.7,43.9,5.5,12.6,3.7,85.4,13.9,12.4,6.4,27.6,51.2,4.5,5.9,52.7,10.1,2.6,1.9,11.7,0.7,0.8,4,1.5,0.8,5.9,9.7,19.2,24.1,11.2,3.7,2,21.1,1.9,30.8,34.8,1.1,3,5.1,41.9,19,5.4,3.2,17.7,2.3,2.4,1,4.1,2.1,7.9,2.8,2.7,0.5,0.5,1.9,51.6,41.6,34.3,34.2,26.9,15,0.6,470,88,101,33,199,40,89,3,13,27,22,128,118,12,46,15,2,10,7,17,84,335,361,6:38:00,7:11:00,19:01:00,23:06:00,8:26:00,18:38:00
0_総数,R29000,奈良県,1183,39.8,12,10.9,3.8,20.4,17,7.7,4.1,14.7,9.4,11.4,8.2,64.8,5.6,1,3.2,2.5,3.7,4.1,3.1,5.3,8.5,1.6,0.3,0.5,5,6.2,4.7,1.4,9.3,6.6,8.6,41.2,5.4,11.9,4.5,86.2,13.3,12.1,6.7,28.3,51.1,3.2,6.1,51.1,10.4,2.5,1.8,12.9,0.8,0.9,3.9,1.9,1.3,5.4,9.1,18.6,28.4,10.9,3.8,1.8,21.4,2,31.3,32.9,1,2.8,4.6,42.4,18,5.7,3.4,18.5,2.1,2.8,0.8,4.4,2.9,7.5,3.3,2.3,0.4,0.5,2.3,50.4,41.8,33.6,33.6,27.1,13,0.2,473,82,103,33,189,40,100,4,13,29,22,128,114,14,50,12,3,9,5,19,88,326,382,6:39:00,7:10:00,18:56:00,23:07:00,8:20:00,18:33:00
0_総数,R30000,和歌山県,816,31.3,9.5,8.7,2.3,14.7,11.9,6.2,3.4,11.1,7.1,8.9,6.9,59.8,5.6,1.5,3,2.6,3.2,4.6,3.1,4.7,6.1,1,0.4,0.6,3.3,9.5,5.1,1.3,5.5,5.2,7.8,38.2,4,9.6,4.5,83.3,11.9,8.1,3.8,25,46.3,2.8,3.8,45.8,8.3,2.9,1.1,13,0.8,1.2,3.6,1.8,1,5.2,7.6,16.2,28.6,12,3,1.7,17.8,1.7,23.9,30.9,0.8,2.3,7.4,37.7,16.3,5.2,3.3,18.2,3,2.7,0.8,4.9,3.4,7.9,3,2.7,0.9,0.5,2.6,44.1,37.3,26.8,26.7,21.3,10,0.5,475,87,98,23,198,36,95,4,12,26,20,138,121,12,42,13,2,11,8,18,65,341,388,6:38:00,7:11:00,18:42:00,22:55:00,8:19:00,18:13:00
0_総数,R31000,鳥取県,484,34.1,9.5,8.6,2.9,14.7,11.8,6.1,3.3,11.5,8,9.5,8,61.2,5.3,1.1,4.5,3.2,4.2,4.6,2.9,5.9,4.3,4.1,0.4,0.4,4.2,10,6.5,4,6.3,6.7,8.8,37.2,4.3,9.5,4.3,81.7,12,12.5,4.4,23,44.7,2.8,3.4,47.1,9.1,2.1,1.5,12.3,1.2,1.2,3.3,1.5,1.1,4.9,8.3,18.6,26,10,3.1,1,17.7,1.9,27.1,30.8,1,3.1,6.8,34.2,10.5,4.2,3.3,24.1,1.9,3.6,0.8,6.5,3.3,13,4.6,4.6,0.8,0.4,2.8,38.4,31.6,20.8,20.8,15.1,9.5,0.4,480,87,95,24,213,37,84,3,9,24,20,146,119,9,41,14,3,9,6,15,59,345,443,6:29:00,7:04:00,18:53:00,22:51:00,8:15:00,18:15:00
0_総数,R32000,島根県,586,33.3,8.3,7.8,2.2,15.1,12.5,6.2,3.9,11.9,8.1,10.2,7.7,61.4,6.4,1.2,4.2,4.9,3.9,5.4,3.9,6.2,4.7,4.5,0.4,0.6,4.7,10.1,4.4,2.4,6.3,4.6,8.6,37.3,3.9,11.1,2.8,82.5,12.5,9.8,4.6,23.3,44.6,3.2,3.7,45.4,8.4,2.4,1.5,12.5,1,0.6,2.9,2.1,1.2,4.4,8.7,16.7,28.9,11.8,2.7,1.7,17.1,2,27.1,32.3,1,3.3,7.6,35.6,12.2,3.6,2.8,25.6,2.3,4.2,1.3,6.8,3.4,13.3,5.3,4.8,1,0.5,2.2,39.8,32.5,21.2,21.2,15.3,9.3,0.1,479,87,97,28,227,42,84,2,11,22,18,127,119,11,38,11,3,10,7,17,63,355,469,6:27:00,7:03:00,18:56:00,22:47:00,8:11:00,18:07:00
0_総数,R33000,岡山県,1666,37.1,11.4,10.4,3.4,17.9,15.3,6.7,3.7,14.9,8.7,10.6,7.4,64.8,5.7,1.9,3,3.2,4.9,4.9,3.9,6.3,6.7,1.6,0.4,0.5,5.2,9.1,5.2,2.6,5.6,6,9.9,42.6,4.3,11.9,3.2,85,12.4,11.2,4.3,23.9,48.8,3.6,4.1,51.2,9.2,2.2,1.6,11.2,0.9,0.8,3.5,1.7,1.1,5.4,9.5,20,30.1,11.4,3,1.5,20,2,27.1,33.5,1.1,3.4,5.9,39.8,15,5.6,3.3,23.2,2.3,3.2,1,5.8,2.9,11.7,3.7,4,0.7,0.8,2.1,43,36.2,24.3,24.3,17.4,11.7,0.5,470,86,96,29,208,41,91,3,13,24,22,124,121,13,47,13,3,10,6,20,71,336,432,6:28:00,7:01:00,18:49:00,22:58:00,8:18:00,18:26:00
0_総数,R34000,広島県,2474,38.4,13.1,12,3.6,18.5,14.7,8.2,3.8,13.3,8.2,10.4,7.8,65.3,7.5,2.5,4.1,4.4,4.9,5.1,3.1,6.7,6.2,2.6,0.1,0.6,5.7,12.2,4.7,2.1,6.6,7.3,9.6,42.2,3.9,13,4.2,85.1,22.9,11.4,5.5,29.9,49.9,3.8,5.3,51.3,9,3.4,1.9,14.4,1.2,0.9,3.6,1.3,1.3,4.9,8.4,18.3,25.1,12.5,3.5,1.2,21,2.1,28,34.9,0.7,2.5,6.8,41.1,16.3,6.8,3.3,18.6,2.2,2.5,0.6,4.4,2.7,9.3,2.9,2.6,0.7,0.7,1.9,47.1,38,28.6,28.5,19.1,15.9,0.4,479,80,98,29,203,41,88,4,13,24,20,136,116,12,45,13,3,9,8,18,75,345,416,6:35:00,7:03:00,18:56:00,22:57:00,8:19:00,18:35:00
0_総数,R35000,山口県,1177,34.8,10.3,9.1,3.5,15.5,13.3,5.5,4.4,12.7,8.3,9.1,6.1,63.2,5.7,3,4.7,3.5,4.7,3.4,3,5.9,5.9,1.7,1.1,0.8,4,11.2,3.6,1.2,6,5.7,10.4,41.2,3.7,11.8,3.6,83.9,12.4,8.7,3.7,22.7,46.4,2.6,3.4,47.6,9,2.4,1.5,12.2,0.6,1.1,3.5,1.7,1.2,5.6,9,16.1,28.3,10.3,3,1.3,19.1,1.9,25.8,31.8,0.9,2.1,6.7,37.6,16.1,4.3,3.2,20.1,2.5,3.2,0.6,5,3,9.8,2.9,3.7,0.5,0.5,1.3,43.5,36.3,24.2,24.1,16.9,12.7,0.4,477,88,95,25,193,37,92,3,13,27,22,148,115,9,46,13,2,10,7,16,66,332,432,6:24:00,6:57:00,18:44:00,22:45:00,8:13:00,17:58:00
0_総数,R36000,徳島県,632,34.1,10.7,9.8,2.5,16.9,13.7,6.5,3.6,11.6,8.4,9,7.1,60.9,4.8,0.9,3.5,3.1,3.6,4.1,4.3,4.4,4.4,0.9,0.3,0.2,4.5,9.5,3.6,1,6.1,6.4,8.1,39.6,3.4,11.6,2.9,80.6,12.1,7.2,4,23.3,43.7,2,3,44.3,7.7,1.5,1.1,9.8,0.8,0.5,3.2,1.5,0.9,5.2,8.3,17.2,27.6,10.7,2.5,0.9,16,1.6,24.4,32.1,0.7,3.3,5.3,37.3,12.2,4.1,2.9,17.4,1.8,1.9,0.6,4,2.5,8.1,3.1,2.7,0.7,0.6,1.9,32.2,26.7,16.4,16.3,11.4,8.3,0.2,472,90,100,23,203,39,87,3,10,26,18,140,120,13,44,13,2,9,8,19,61,345,434,6:31:00,7:06:00,18:44:00,22:51:00,8:09:00,18:03:00
0_総数,R37000,香川県,837,34.1,10.2,9.3,3.1,16.9,14,6.9,3.8,12.1,7.9,9.4,7.9,61.8,5.5,2,4.2,3.5,4.5,5.2,3,6.2,6.2,1.4,0.5,0.6,4.7,9.7,5.7,0.6,7.1,6.9,9.2,39.6,5.6,10,3.4,82.9,11.5,9.3,4.2,25.5,46.9,3.2,3.8,47.6,8.2,2.5,1.7,13.7,1.2,0.8,4.2,1.8,1,4.9,7.9,17.5,27.4,9.9,3.3,1.1,18,2,27,33.6,1,3.8,6.5,39.6,17.6,4.7,2.8,18.1,1.9,2.1,0.6,4.6,2.3,8.7,2.9,3.7,0.6,0.5,1.9,39,32.1,21.3,21.2,14.1,10.6,0.3,477,83,94,26,204,41,88,3,15,27,23,144,111,11,44,13,2,11,6,17,64,344,419,6:27:00,7:00:00,18:46:00,22:47:00,8:00:00,17:57:00
0_総数,R38000,愛媛県,1178,34.5,10.2,9.4,2.7,16.2,13.7,6.3,3.1,12,7.1,7.7,6.6,64,4.2,2.1,4,2.6,4.2,4.5,3,5.9,4.7,1.1,0.2,0.6,4.1,11.9,5.2,1.3,4.9,5.4,9.2,42.2,3.8,11.5,3.9,84.3,13,8.8,3.9,23.1,48.9,2.2,3.3,48.2,7.4,2.1,1.4,14,0.7,0.7,2.8,1.3,0.7,4.1,7.9,17.1,28.7,10.9,2.3,1,18.9,2.4,26.3,34.4,0.6,2.6,6.8,39.4,13.2,3.8,2.8,19.6,2.5,2.4,0.7,4.6,2.5,9.3,3.4,3.2,0.5,0.4,2.1,37.4,31,18.1,18.1,12.2,9.2,0.1,473,86,96,22,198,37,93,4,11,25,19,152,117,11,48,13,2,10,7,16,57,340,434,6:31:00,7:09:00,18:43:00,22:57:00,8:15:00,17:54:00
0_総数,R39000,高知県,606,30.3,8.7,7.5,2.7,14.3,11.8,5.9,4.3,10.4,7.9,8.9,6.9,59.4,4.1,1.1,3.1,2.8,3.4,3.7,2.4,5.6,4.9,0.6,0.4,0.6,3,10.8,6.8,1.1,4.1,5.3,8,36.9,3.3,10.4,3.3,81.7,10.8,9.9,3.5,24.2,47.6,2.2,4.3,45.7,8.6,2.5,0.9,12,1.3,0.7,2.9,1.1,0.6,4.9,8.1,15.6,26,10.3,2.4,1.3,16.9,1.6,24.4,32.5,1,2.8,7.7,37.2,18.1,6.5,2.9,18.9,1.8,2.5,0.8,4.4,2.3,8.2,2.9,2.5,0.7,0.4,2.3,39.2,31.2,21,21,13.9,11,0.1,484,88,97,25,207,35,86,4,14,23,21,131,115,8,50,13,2,9,9,17,62,340,398,6:37:00,7:09:00,18:48:00,22:42:00,8:26:00,17:56:00
0_総数,R40000,福岡県,4509,37.7,12.6,11.2,4.3,19,15.3,8.2,3.7,14.1,8.7,9.8,7.7,67,6.7,2.5,3.7,4.5,4.6,4.1,2.8,4.8,6.3,1.5,0.5,0.3,6.2,8.6,3.8,0.6,6.4,7.7,10.2,45.7,5,14,4.4,85.8,17.4,11.1,7.1,31.1,52.8,3.5,6.1,52.5,8.6,3.5,1.4,13.9,1.2,1.6,3,1.2,1.1,5.1,8.2,18.9,23.1,9.3,3.2,1.5,21.2,2,29.3,36.6,1.1,2.4,6.6,42.5,19.5,6,4.2,19.1,2.2,2.8,1.1,4.2,2.8,9,2.6,3.8,0.8,0.8,2.3,52.3,40.8,36.5,36.5,27,17.5,0.3,476,84,95,28,203,44,84,3,17,25,23,131,118,11,49,13,2,10,8,15,69,342,407,6:48:00,7:20:00,18:59:00,23:09:00,8:20:00,18:30:00
0_総数,R41000,佐賀県,703,37.2,11,10,3.2,18.2,15.5,7.2,4.6,15,9.3,10.5,7.7,62.8,6.4,2.3,4.5,4,4.7,3.8,3.5,6,5.1,4,0.4,0.7,5.1,10.4,4.7,0.7,5.9,5.7,9.5,38.6,4,13.1,3.7,82.1,13.6,10.3,5.4,25.7,45,3.7,4.4,46.8,7.8,2.8,1.6,12.2,1,0.8,4.5,1.3,0.8,5.4,8.3,17.6,27.6,11.3,3.2,1.3,18.9,1.5,23.9,31.7,0.7,2.8,8.6,36.8,16.4,5.4,3,24.8,2.3,3.6,1.1,5.5,3.2,14,4.5,4.9,1.8,0.7,1.6,47.5,40.5,29.4,29.2,23.8,11.7,0.3,478,86,95,28,223,47,83,3,12,23,20,128,111,9,41,14,4,11,7,16,65,357,460,6:35:00,7:09:00,18:57:00,22:54:00,8:13:00,18:15:00
0_総数,R42000,長崎県,1135,31.2,8.6,8,2.7,15.3,12.9,5.3,4.1,11.7,7.6,8,6.9,57.8,4.5,1.9,3,2.5,3.8,3.2,2.2,3.8,3.5,2.4,0.3,0.6,3.1,10.9,4.9,0.2,4.3,2.7,7.7,37,3.9,8.3,3.8,79.7,13,8.9,3.6,20.9,43.6,2.7,3.5,44.3,7.1,2.2,1.7,12,1.2,0.9,3.8,1.1,0.7,5,7.5,15.7,26.1,10.5,2.5,1.2,16.6,1.5,24.1,29.7,1.3,3,7.3,34.9,13,3.3,2.7,21,2.3,3.1,1.1,5.7,2.9,11,3.6,3.9,0.9,0.6,2.5,36.1,29.2,21.6,21.4,15.7,9.5,0.4,472,83,99,26,212,40,93,4,12,24,19,137,119,9,43,12,3,8,7,16,69,357,460,6:32:00,7:06:00,18:49:00,22:55:00,8:01:00,18:01:00
0_総数,R43000,熊本県,1511,35.7,10.9,9.9,3,17.2,14.1,7.1,4.1,12.8,7.5,8.8,7.3,66.6,5.9,1.6,3.9,3.6,4.5,4,2.7,5.7,5.8,3,0.5,0.4,4.6,11.8,5.3,0.5,5.4,5.9,11.6,44.3,4.3,12.5,4.3,84.1,15.3,9.6,5.4,29.6,47.8,2.9,5.1,48.3,8.5,2,1.6,14.6,0.9,0.8,3.9,1.2,0.7,5.4,8.6,17.2,29.2,12,3,0.8,21.3,1.6,25.8,33.1,0.8,2.6,8.2,38.2,17.1,6.5,2.9,22.1,2.6,2.9,1.2,5.8,2.3,11.3,3.7,4.3,2.5,0.6,1.9,50.5,42.5,29.9,29.9,22.2,13.5,0.3,476,81,98,27,205,45,88,5,12,24,22,135,120,11,40,14,2,9,9,18,68,349,436,6:31:00,7:11:00,18:49:00,22:49:00,8:16:00,18:14:00
0_総数,R44000,大分県,979,33.2,9.5,8.6,2.4,15.1,12.6,5.5,3.4,11.4,7.6,8.5,7.7,63.1,6.3,1.3,3.5,2.4,4,4.2,2.6,4.8,6.1,2.6,0.3,0.4,4.3,8.1,4,0.7,5.3,5.9,8.5,40.7,4.1,10.4,3.3,82.3,17.1,12.8,5.4,25.2,45.2,3.6,4.4,47.5,6.7,2.9,1.1,11.3,0.8,0.6,3.3,1.1,0.6,4.5,6.8,16.5,26.4,9.3,2.7,1.3,17.5,1.5,25,30.9,1,2.8,7.4,36,16.4,4.7,2.3,20.3,2.5,2.7,0.9,4.7,2.8,9.1,3.4,3.1,1,0.6,2.6,45,38.5,24.8,24.7,17.1,13.3,0.3,475,87,97,26,201,43,90,3,11,24,22,139,120,8,46,15,3,10,8,13,66,352,466,6:29:00,7:08:00,18:48:00,22:53:00,8:10:00,18:02:00
0_総数,R45000,宮崎県,928,31.3,8.5,7.3,2.8,14.4,12.4,4.8,3.5,10.6,5.7,7.4,7.9,65.8,5.5,1.6,5.9,4,4.8,3.1,3.2,6.1,8.4,2.8,0.4,0.7,4.4,10.5,4.6,0.7,4.3,4,10.3,42.4,4.5,11.7,4.4,81.6,13.7,9.7,4.2,20.8,44.3,3.9,3.9,47.1,8.5,2.7,2,12.7,1.1,0.6,3.3,1.4,0.6,4.9,6.8,16.3,28.1,11.9,3,1.4,18.6,1.6,23.9,29.5,0.8,2.2,8.4,35.9,13.4,5.3,2.5,20.1,1.9,3.3,1.1,6,3.3,8.5,3.2,3.6,0.9,0.6,1.9,42.8,35.9,22.2,22.2,14.6,11.6,0.3,479,87,98,23,213,43,89,2,10,24,20,132,118,9,41,15,2,10,7,17,56,356,507,6:24:00,7:00:00,18:45:00,22:41:00,8:08:00,17:57:00
0_総数,R46000,鹿児島県,1377,35.2,10.9,10.1,2.8,17,13.5,7,4.3,13.3,8.3,9.2,7.2,63.5,6.1,2.1,5.1,3.9,5.3,4,3.9,5.9,6.2,5.1,0.4,0.5,5.3,10.2,6.1,0.2,5.6,6,11.2,42.4,4.2,10.6,3.5,81,13.3,8.7,4,24.2,45.3,2.6,4.3,45.7,8.9,2.7,1.6,15,1.5,1,4,1.3,0.5,5.3,8.7,17.9,28.9,12.5,2.6,1.8,19.6,1.9,26.4,31.7,0.7,2.7,8.6,35.2,16,6.6,2.4,22.3,2.7,3.5,0.9,6.1,2.6,11.2,3.7,4.3,0.8,0.6,1.9,43.3,35.9,23.6,23.6,16.6,11.5,0.3,485,83,102,23,204,43,90,4,12,23,20,134,112,11,39,14,2,10,12,17,61,347,461,6:30:00,7:06:00,18:56:00,22:47:00,8:11:00,17:56:00
0_総数,R47000,沖縄県,1263,36.6,14.4,13.3,3.9,17.7,14.9,6.7,2.2,10.9,8.6,8.2,9.3,65.8,7.3,0.9,4.1,5.1,4.3,3.7,2.7,5.3,7.5,3.1,0.4,0.6,6.7,10.4,5.6,0.2,2.4,4.9,11.7,42,5.3,13.8,4,80,14.1,6.4,3.5,22.5,48.4,2.3,2.4,49.2,10.2,5.5,1.1,13.4,1.1,0.9,3.9,0.7,0.5,4.2,6.7,16.1,20.2,12.1,2.7,0.8,15.9,1.3,23.9,33,0.8,2.1,3.6,36.5,13.7,4.1,2.1,17.4,2.1,1.5,0.6,5.2,1.6,7.1,1.8,3,0.5,0.5,2.7,31.1,23.6,16.8,16.6,12.5,6.3,0.4,481,77,94,30,215,47,82,3,21,26,19,126,111,11,38,17,2,12,6,21,65,348,400,6:32:00,7:14:00,19:03:00,22:58:00,8:21:00,18:01:00
1_男,R00000,全国,54829,39.8,14.3,13.5,3.5,25,20.1,11.5,2.8,9.1,11.9,9.7,8.3,69.9,9.9,2.1,3.2,4.7,7.7,5.3,3.8,5.4,11.7,2.1,0.6,0.8,6.3,12.1,6.2,4.3,8.4,10.5,14.9,40.3,1.6,14.8,4.7,86.8,18.2,9.8,4.9,28.8,53,3,4.5,53.3,8.4,2.8,1,13.3,0.5,0.5,2.1,0.2,0.3,0.7,0.8,9,20.3,17.4,2.5,1.2,18.9,1.7,28.7,40.1,1.5,5,10.3,46.6,17,7.3,3.8,18.2,2.2,2,0.8,3.6,3.6,8.5,3.8,3.3,0.9,0.7,1.8,48.9,40.1,32.1,32,25.1,14.2,0.4,478,74,97,38,267,40,25,2,6,18,21,131,119,13,60,16,2,8,6,15,84,387,383,6:43:00,7:05:00,19:07:00,23:06:00,8:02:00,19:08:00
1_男,R01000,北海道,2179,34.6,11.1,10.4,2.7,21.9,18.1,9.5,2.8,8.1,9.9,8.8,8.4,66,11.4,1.1,3.8,4.8,6.9,5.1,2.7,5.5,9.4,2.5,0.6,0.4,6,13.2,4.9,10.4,7.4,10.4,13.4,37,2.1,13.5,5.8,86.1,19.6,7.7,4.1,23.5,53.4,3,4.4,52.2,9.2,2.3,1.1,13.9,0.7,0.5,2.2,0.3,0.2,0.8,1.4,9.3,22.5,20.5,2.5,1.4,18.3,1.3,26.5,39.1,1.2,4.6,12.1,47.1,15.4,10.6,4.1,17.1,2.4,2.1,0.7,2.5,2.2,8.2,3.9,3.5,0.7,0.7,2.2,50.8,40.1,35.3,35.1,25.6,18.5,0.4,481,74,93,31,260,34,22,1,7,18,19,157,131,10,57,15,2,9,6,14,70,389,392,6:35:00,7:03:00,18:45:00,22:49:00,8:00:00,18:39:00
1_男,R02000,青森県,514,25.9,8.5,8,1.8,16.6,13.2,7.4,1.5,6,7.9,5.6,5.8,58.7,9.7,0.8,2.4,5.3,6.1,3.3,2.5,4.2,4.8,0.8,0.4,0.2,4.7,14.9,3.4,5.9,4.2,5.9,10.3,29.7,0.8,11.1,4,79.5,15.2,7.9,2.7,20.5,45.2,1.3,3.1,43.9,4.9,2.1,0.6,11.1,0.3,0.4,1.5,0.1,0.2,0.1,0.4,5.6,19,18.5,1.4,0.8,12.6,1.2,19.5,32.7,1.7,4,13.3,38.6,10.1,7.1,2.8,15.7,1.6,1.1,0.3,2.9,3.6,7.5,2.5,2.5,0.6,0.4,1.9,36.8,30.3,20,20,13.9,9,0.1,493,75,99,29,279,32,19,2,6,18,16,151,120,5,54,13,2,6,8,13,65,405,411,6:27:00,6:53:00,18:38:00,22:33:00,7:56:00,18:31:00
1_男,R03000,岩手県,520,27.2,7.6,7.1,2.1,15.1,12.3,7,2,6.8,7.5,6.5,6.2,63.3,8.9,2.1,3.9,5.2,6.7,5.2,2.8,4.6,6.7,2.1,1.1,0.3,4.6,14.8,5.6,5,6.3,5.4,11.5,31.2,1,10.5,3.6,82.7,15.6,6.8,3.8,17.4,46,2.7,2.9,45.9,5,2.6,1.4,11.4,0.5,0.3,2.3,0.1,0.6,0.6,0.7,6.8,21,21,1.9,0.9,15.2,1.3,22.2,33.7,1.3,3.8,13.2,40.5,7.5,4.6,2.8,24.2,2.4,2.7,0.9,4.6,4.1,14.6,4.9,5.2,1.3,0.5,2.3,42.8,35.5,23.9,23.7,18,9.6,0.2,484,74,99,29,260,39,29,2,5,19,23,149,122,9,49,15,3,6,5,18,68,396,437,6:28:00,6:54:00,18:46:00,22:40:00,7:57:00,18:35:00
1_男,R04000,宮城県,1009,36.7,11.7,11.1,2.7,22.6,18.6,9.7,1.9,8.8,12.6,8.2,6.5,68,10,1.4,4.2,4.7,7.3,5.2,3.3,7,9,2.7,0.4,0.6,5.7,14.2,6.7,5.1,7.7,9,15,37.6,1.4,15.3,5,87.4,22.6,8.7,5.2,28.2,52.2,3,4.4,53.6,8.7,3,1.1,12.7,0.4,0.4,2.4,0,0.1,0.4,0.5,9.7,23,18.4,1.5,1.4,17.2,2.1,30.3,41.5,1.4,4.4,11.8,47.2,16.4,7.5,3.3,21,2.3,2.6,0.8,4.2,3.5,12.1,4.8,4,1.3,0.4,1.8,51.2,43.6,30.4,30.3,22.1,14.8,0.4,484,71,97,36,276,45,23,2,5,18,16,122,124,10,63,13,3,8,6,16,75,400,420,6:37:00,7:05:00,18:55:00,22:58:00,7:37:00,18:52:00
1_男,R05000,秋田県,404,29.1,6.9,6.5,1.5,17.5,14.6,7.8,1.8,7.5,7.7,7.3,7.8,64.2,12,1.3,3.7,6.9,6.2,5.3,3,5.2,8.8,4.1,1,1,3.5,14.4,4.4,7.2,5.5,7.3,13.1,33.4,0.9,12.6,4,84,20,7.8,3.8,21.1,48.6,2.4,3.3,45.7,6,2.7,0.7,12.5,0.4,0.2,2,0,0.2,0.5,0.4,6.6,21.4,22.8,1.1,0.7,13.7,1,21.9,33.2,0.9,2.6,12.2,38.5,13.2,5.4,3.7,23.8,1.6,2.2,0.2,4.1,3.7,13.3,5.2,3.9,0.7,0.3,1.9,45.3,39.9,23.9,23.9,20.3,7.6,0.5,493,78,102,28,261,32,26,1,4,20,16,147,123,9,55,14,2,9,11,12,63,378,436,6:29:00,6:59:00,18:43:00,22:34:00,7:59:00,18:21:00
1_男,R06000,山形県,459,28.7,7.9,7.4,2,17,13.5,7.2,2.8,6.4,8.8,7.3,7.7,61.3,8.5,1.9,3.8,4.7,7.1,5.4,2.5,5.2,7.5,3.2,0.4,1.3,4,12.8,4.1,6.8,8.3,7.3,12.2,31.4,0.8,10.9,3,83.3,16,10.1,3.7,25.6,47.4,2.7,3.3,45.6,5.7,3,1.1,12.7,0.5,0.5,2.1,0.1,0.4,0.6,0.3,7.6,24.6,19.3,2.3,1,15.4,1.5,22.3,36.6,1,3.8,12.4,39.6,11.6,7.4,2.9,28.3,1.9,2.8,0.9,5.9,4.2,18.5,7.5,5.5,1.2,0.5,2.3,42.6,37.2,21.2,21.2,16.1,8.3,0.1,490,74,98,27,280,37,28,2,6,18,16,143,118,7,51,13,3,7,6,15,59,403,455,6:34:00,7:03:00,18:56:00,22:40:00,7:57:00,18:55:00
1_男,R07000,福島県,809,33.6,9.7,9.1,1.7,20.9,15.9,10,3.2,8.4,9.8,7.6,7.7,65,9.2,4.1,3.7,4.8,5.4,5.4,2.1,5.6,11.7,1.8,0.7,0.6,4.3,11.1,4.7,4.8,7.7,8.3,11.8,35.5,1.4,14,3.6,83,13.9,8.7,3,20.3,48.9,2,2.6,48.8,6.1,2.8,1.1,10.4,0.5,0.4,2.2,0.3,0.4,1,0.9,7.4,21.4,19.7,2,1.3,16,1.7,23,38.4,1.3,4.9,11.4,41.7,12.3,6.3,3.1,22.3,2,2.7,0.5,4.1,4,12.2,4.6,3.5,1.2,0.4,1.5,45.5,38.3,24.3,24.3,18.2,10.4,0.1,490,72,96,31,270,38,24,1,5,18,20,143,118,11,56,16,2,5,8,16,69,389,431,6:35:00,7:00:00,19:00:00,22:41:00,7:47:00,18:49:00
1_男,R08000,茨城県,1288,37.2,13.3,13,2.5,25.3,21,10.8,2.2,8.1,11.6,7.9,8.3,68.6,9.5,2,3,3.8,9.9,6.3,4.4,5.6,13.1,2,0.7,0.5,5.2,10.8,4.6,3.6,9.5,11.3,14.5,40.8,1.2,13.7,4.2,85.9,15.8,7.8,2.5,27.4,50.5,2,1.8,49.3,6.1,2.4,0.7,12.2,0.2,0.2,2.1,0.2,0.3,0.9,0.9,9.2,27.3,20.9,2.4,1.2,19.3,1.5,26.7,37.7,1.5,4.4,10.1,44,15.4,5.7,4.1,17.7,1.8,1.8,0.5,3.1,4.1,8.6,3.6,3.4,0.8,0.7,1.6,44.7,37.5,27.1,27.1,21,11.8,0.7,480,73,99,38,261,40,23,1,4,20,19,132,125,10,62,18,2,8,4,20,85,383,385,6:42:00,7:00:00,19:12:00,22:54:00,7:57:00,19:01:00
1_男,R09000,栃木県,866,31.5,9.8,9.4,1.9,21,17.1,10.5,1.8,7.4,8.3,7.5,6,65.3,7.9,1.6,2,4,7.2,3.7,3.2,5.2,13.7,1.8,0.2,0.8,5.1,9,5.1,4.6,9.4,9.3,12.3,34.4,0.8,13.8,3.5,84.2,17,6.1,3.1,24.7,48.4,2.3,2.7,48.7,6.4,1.7,0.7,11.4,0.3,0.3,1.7,0.1,0.2,0.5,0.3,8.1,24.4,18.2,2.2,0.9,17.9,0.7,22.4,35.3,1,3.9,10.5,43.9,16.3,6.1,3.6,16.8,1.6,1.7,0.5,4,3.5,7.7,3.5,3.3,0.5,0.5,1.2,46.2,38.7,27.2,27,22,10.6,0.4,480,75,100,32,281,40,23,3,6,20,17,132,121,11,53,17,3,7,6,14,72,403,451,6:29:00,6:56:00,19:06:00,22:47:00,7:46:00,18:56:00
1_男,R10000,群馬県,857,35.6,11.9,11.4,2.8,21.5,18.1,9.6,2.5,10.4,10.1,8.7,6.9,69.9,9.8,1.7,3.6,4.7,7.7,4.8,3.6,5,12.7,2.9,1.1,0.7,4.9,8.7,4.7,6.2,9.2,10.1,14.8,41.9,1.1,14.1,4.2,85.8,14.7,7.8,3.3,27.3,51.9,3.2,3.3,53.2,7.6,1.9,0.7,12.8,0.4,0.4,2.4,0.2,0.1,0.6,1.1,8.9,28.4,17.9,2.6,1.4,20.2,1.6,24.2,38.5,1.7,4.4,9,44,14.7,6.1,2.6,20.6,2.3,2.2,0.6,3.8,2.2,11.7,3.2,3.5,0.7,0.4,2.1,49.5,42.7,28.4,28.4,23.3,10,0.3,477,76,96,34,272,40,27,1,5,19,21,140,114,11,58,19,3,8,4,15,73,393,393,6:31:00,7:02:00,19:02:00,22:56:00,7:57:00,19:04:00
1_男,R11000,埼玉県,3300,42.2,14.4,13.8,3.7,27.2,21.7,13.2,2.8,9.5,12.9,11.5,9.8,73.2,10.5,2.3,2.5,5.4,9,5.5,4.5,5.9,11.2,1.8,0.8,0.8,6.2,9.5,6.5,4.7,9.7,13,17.9,44.2,1.7,16.8,5.1,89.2,19.4,8.8,5.6,31.1,56.2,3.3,4.6,55.7,9.3,2.9,1.6,12.5,0.4,0.5,2.2,0.2,0.4,1.1,1.3,9.7,23.1,19.4,3,1.1,21.6,2.1,31.6,41.9,1.7,5.9,8.6,47.9,16.9,8.1,4.6,15.4,2.3,1.4,0.6,2.4,2.9,5.8,2.6,2.6,0.5,0.8,2,51,41.9,34.3,34.3,28.1,13.1,0.3,475,74,101,46,263,39,28,3,7,19,23,125,115,17,61,15,2,8,6,14,103,382,364,6:41:00,7:04:00,19:17:00,23:04:00,7:57:00,19:18:00
1_男,R12000,千葉県,2819,42.9,16.3,15.2,4.3,27.3,22.3,13.1,2.8,10.8,12.9,9.4,7.9,70.2,8.5,1.1,2.9,5,7.6,4.9,4.3,5.1,12.1,1.4,0.4,0.9,5.5,9.4,5.9,3.3,6.4,10.1,16.7,43.4,1.4,15,4.2,86.9,17.8,7,4.5,30,53.4,3,5.4,55.4,7,3,0.6,12.6,0.3,0.4,1.8,0.1,0.3,0.6,0.7,9.2,21,16,2.2,1,18.4,1.8,29.7,41.2,1.5,4.8,8.4,46.8,16.6,7.2,4,13.9,1,1.7,0.6,2.7,2.7,5.2,2.7,2.4,0.5,0.6,1.6,47,38,32.6,32.6,25.5,14.9,0.5,475,74,98,45,276,39,24,2,7,20,21,124,115,14,61,16,1,8,4,15,102,392,368,6:39:00,7:06:00,19:18:00,23:12:00,7:58:00,19:29:00
1_男,R13000,東京都,6253,53.8,23.7,21.9,6.1,35.9,27.9,17.2,3.1,11,17.4,14.7,10.1,75.5,10.6,1.3,2.2,3.8,7.8,6.1,2.8,5.7,11.8,1.1,0.3,1,8,6.9,8.5,4.9,10.2,16.2,19.2,45.8,2.3,16.8,5.3,91.5,17.8,14.8,8.6,36.1,61.4,4.7,6.9,64.7,12.5,2.9,1.4,15.9,0.5,0.4,1.4,0.2,0.4,0.6,0.7,10.4,15.2,14.1,3.3,1.1,24.7,3,40.8,47,1.9,5.7,7.3,51.6,19.7,7.6,3.9,14.4,2.2,1.9,1.2,2.8,5.2,3.7,3.1,2.5,1.2,1.2,1.8,55,44.7,40.7,40.5,34.2,17.6,0.4,468,79,97,44,272,39,26,2,7,19,25,108,118,21,69,15,2,8,7,13,105,377,351,7:02:00,7:24:00,19:27:00,23:43:00,8:35:00,19:43:00
1_男,R14000,神奈川県,4156,47.3,18.7,17.5,4.6,30.6,25.1,14.5,2.4,9.7,14.3,11.9,8.9,75.5,10.6,1.7,3.3,4.8,9.5,5.9,5.2,5.4,11.7,1.7,0.4,0.9,6.8,10.2,7.7,4.6,10,12.6,17.7,47,2.7,16.8,5.7,89.9,19.5,11.1,5.6,33.1,59.9,3.6,5.9,60.1,10.7,3.6,1.2,13.7,0.5,0.7,2.5,0.1,0.6,0.5,0.8,11,20.7,15.8,2.8,1.3,24,1.7,35.9,44.2,1.5,5,8.2,51.7,21.7,8.4,3.9,16.1,2,1.5,0.9,3.7,4.4,6,2.8,2.4,0.8,0.7,1.5,55,44,39.4,39.3,30.6,17.6,0.5,471,72,99,45,268,36,27,1,7,20,23,125,119,15,66,16,2,7,6,15,109,381,340,6:46:00,7:08:00,19:21:00,23:12:00,7:50:00,19:29:00
1_男,R15000,新潟県,954,34.1,9.2,8.6,2.1,20.2,16,9.3,2.7,9.1,10,8,6.9,63,7.4,0.8,3.1,5.3,7.1,4.2,2.1,5.9,8.9,1.7,0.5,0.8,3.5,13.6,5.4,8.4,8.1,7.8,12.9,34,1.3,14.3,3.9,84.2,16.9,11.5,3.7,25,49.1,2.1,4.4,48.3,6.8,2.7,1,12.4,0.4,0.8,2.7,0.3,0.3,0.5,0.3,9.4,22.1,18.8,2.7,1,17.1,1.9,25.3,38.3,2,5.2,9.4,42.4,15.4,6,4.1,21.5,2.2,1.3,0.3,4.2,3.5,11.4,4.8,3.9,0.6,0.2,2,47.3,38.4,29.8,29.8,24.6,10.3,0.5,483,78,98,29,261,34,29,1,8,21,24,143,125,7,57,12,2,8,6,14,65,381,407,6:36:00,7:00:00,18:53:00,22:44:00,8:06:00,18:55:00
1_男,R16000,富山県,450,32.9,9.7,9.2,2.4,20.5,16.9,8.8,1.2,7.5,9.5,8.3,6.7,64.5,8,2.1,2.3,5.6,6.9,4.4,3.3,4.8,8.8,1.6,0.9,0.7,4.9,12.3,4.2,8,7.7,8.3,13,34.7,0.8,12.3,5.8,82.9,17.5,11.3,3.7,29.4,47.6,3.2,3.4,44.6,6.8,1.8,0.6,10.8,0.5,0.4,2,0.2,0.5,0.7,0.6,6.1,18.9,18.8,1.6,0.6,16,1.3,23.1,36.1,1.3,4.5,11.1,40.8,14.6,5.2,4.3,21,1.6,2.4,0.5,4,3.8,11.1,6.8,3.5,0.7,0.7,1.2,40.3,32.6,24.9,24.8,20,9,0.4,484,70,97,34,275,36,23,2,5,16,17,141,127,12,54,14,3,8,8,15,70,397,436,6:36:00,6:47:00,18:55:00,22:49:00,8:13:00,19:05:00
1_男,R17000,石川県,486,33.5,9.8,9.6,1.4,21.2,17.7,8.8,2,7.5,8.1,7.4,7.6,66.9,8.7,1.7,2.5,5.1,6.5,4.8,2.3,5.6,11,3,0.4,0.6,5.6,11.2,4.5,5.7,6.5,7.2,13.7,35.5,1,13.5,4.1,86.3,16,11.3,4.2,28.4,50.2,3,4,50.4,6.5,2.1,0.7,12.6,0.5,0,1.9,0,0.1,0.4,0.3,7,18.5,16.1,1.8,0.7,15.1,0.6,24.9,41.6,0.9,4.7,13.7,47.8,12.9,4.8,4.4,21.9,1.9,1.5,0.7,4.9,4.2,11.5,5.6,4.1,1,0.3,1.8,43.1,33.4,28.2,28.1,21,12.5,0.4,485,74,96,32,282,41,17,1,3,15,20,138,122,10,59,17,3,9,4,12,64,401,387,6:40:00,6:58:00,18:58:00,22:53:00,7:56:00,18:48:00
1_男,R18000,福井県,332,34.5,10.4,9.8,2,20.5,16.1,9.8,2.2,8.6,10,9.1,7.3,65.3,9.8,3,3.8,5.4,6.1,5.8,2.3,6.4,9.8,2.4,0.5,0.9,6.5,11.3,5.6,4.4,7.8,8.5,12.9,35.1,1.4,14,4.7,86.5,16,11,3.9,30.6,51.8,3.6,4,47.5,6.6,2.7,1.1,12.5,0.7,0.2,2.2,0.2,0.3,1,0.4,8.6,20.2,18.6,2.4,1.7,16.1,1.3,24.8,38.7,1.3,4.6,13.7,44.7,12.9,6,4.3,24.9,2,2.3,1,5.4,4.1,15.7,5.1,4.5,0.9,0.7,1.5,43.5,36.8,23.2,23.2,17.6,8.4,0.1,490,74,97,29,271,40,28,2,8,16,19,133,120,14,52,15,3,9,5,16,63,387,447,6:38:00,6:59:00,18:53:00,22:55:00,8:06:00,18:54:00
1_男,R19000,山梨県,357,36,12.3,11.6,2.9,21.5,17.2,9.8,2.7,7.8,11.8,9.3,7.2,65.5,8.1,3.1,2.7,4.7,8.6,3.5,3.5,4.8,13.8,2.6,0.2,0.5,4.7,8.8,4.7,5,9.4,8.3,13.1,34.7,1.3,14.5,4.6,84.1,18.7,10.4,4.1,23.7,47.9,3.1,4,47.5,7.4,3.4,1,12.3,0.5,0.3,2.6,0.4,0.3,0.9,1.2,9.5,24.2,18.8,2.5,1.1,17.1,2.2,25,35.3,1.5,5.5,9.8,42.2,13.2,7.2,3.6,23.6,2.3,2.7,0.5,3.9,4.5,11.7,6.7,4.7,1.4,0.7,2.1,45.8,38.6,27.2,27,22.2,11,0.2,483,77,101,31,276,42,28,1,5,18,21,121,124,10,50,14,2,10,8,15,67,389,463,6:30:00,6:59:00,18:58:00,22:46:00,8:11:00,18:49:00
1_男,R20000,長野県,895,37.1,10.7,9.6,2.8,23.1,18.6,10.2,2.5,9.6,10.4,8.6,6.6,66.4,9.2,2.5,4.4,5.4,6.9,4.4,2.2,6.2,12.8,1.5,0.4,1.3,5.1,10.8,7.7,10.7,10,8.6,11.9,35.7,1.4,12.2,4.3,84.8,17.9,10.2,4.6,25.4,49.7,2.6,3.7,48.9,7.4,2.2,0.8,13.3,0.2,0.3,2.5,0.2,0.1,0.7,1,8.6,26.5,20.6,2.2,1,16.5,2.5,26.6,38.7,1.8,4.3,9.5,40.9,12.2,7,3.2,24.2,1.8,2.6,1,4.3,4.4,12.8,5.6,6.4,1.5,0.5,2.4,44.5,36.3,27.4,27.4,21.9,10.4,0.4,485,76,103,32,272,41,29,3,6,16,19,126,116,11,54,16,3,6,9,16,71,399,423,6:32:00,6:55:00,19:00:00,22:45:00,7:47:00,18:50:00
1_男,R21000,岐阜県,858,35.2,11.9,11.3,3.8,20.7,16.3,9.6,3,8.1,9.6,7.5,8.1,66.4,7.6,1.5,3.3,4.1,4.4,4.6,3.8,5.4,11.4,2,0.4,0.8,5.6,12.9,4.1,4.6,8.7,8.3,10,35.9,1.4,13.2,4.1,85.8,13.7,8.1,3.6,24.7,47.8,2.3,2.4,47.7,6.2,2.4,1.3,10.3,0.3,0.3,2.7,0.2,0.4,0.4,0.5,7,22.4,20.9,2,1.1,15.9,1.8,22.1,36.5,1.3,3.3,12.8,44.9,13.8,7.1,3.8,23.4,2.4,2.2,1.1,5,4.4,12.2,5.2,5.3,1.1,0.7,2.1,47.4,41.3,26.3,25.9,21.7,9.1,0.4,483,69,94,35,261,42,25,2,5,16,20,136,122,12,64,17,3,10,6,18,75,382,394,6:35:00,7:01:00,18:56:00,22:54:00,7:51:00,18:41:00
1_男,R22000,静岡県,1602,36,10.1,9.4,2.7,22.7,18.1,10.2,2.4,8.1,9.8,8.9,8.2,69.6,6.5,2.3,3.7,3.4,8,4.7,3.7,4.5,10,1.8,0.3,0.4,5.2,12.6,6.5,2.1,7.7,8.3,13.5,40.5,1.5,12.9,4.2,86.4,16.2,8.5,3.5,26.6,50.9,3,3.2,49.7,8.3,3.3,1.1,12.3,0.8,0.4,1.7,0.2,0.4,0.9,0.8,9.2,22.1,17,2.6,1.5,18.1,2.3,26.7,39.8,1.8,6,10.7,47.2,15.2,7,4.5,21,1.5,2.5,0.6,3.5,3.3,10.5,6.3,4.5,1.4,0.5,1.5,41,36.6,23.5,23.4,18.9,9,0.3,476,76,96,34,265,37,26,3,5,19,19,147,123,9,60,16,3,7,6,15,73,383,413,6:32:00,6:53:00,18:48:00,22:53:00,7:48:00,18:51:00
1_男,R23000,愛知県,3363,38.5,15.6,14.5,3.6,23.8,18.2,11,2.3,8.2,10.3,8.4,7.5,72.3,10.5,2.2,3.7,5.4,9.7,6.7,4.4,5.8,14.7,1.7,0.4,0.7,7.9,14.6,7.8,5.8,8.2,10.5,15.5,40.7,1.8,15.9,6.1,89.6,20.4,10.3,4.3,33.1,57.3,2.9,4.2,56.6,8.8,3.1,0.9,14.3,0.4,0.6,2.3,0.2,0.5,1,0.8,10.1,20.1,16.4,2.3,1.5,20.1,1.2,28.1,44.6,1.4,5.8,13,52.7,24.2,10.4,4.4,16.3,2,1.9,0.8,3.1,2.9,7.3,3.7,3.1,0.7,0.6,1.2,57.4,46.4,39.9,39.8,30.5,18.2,0.4,476,72,94,40,286,39,22,2,7,18,23,126,117,12,59,16,2,10,5,13,83,400,404,6:45:00,6:57:00,19:07:00,23:11:00,8:06:00,19:28:00
1_男,R24000,三重県,771,34,10.4,9.7,2.1,20.2,16.2,9.1,2.3,6.9,9,7.4,8.1,68.4,10.8,2.6,2.6,4.3,8,6.6,4.2,6.2,13.5,3,0.2,0.4,6.9,15.7,4.3,3.2,7.5,8.7,13.4,38.3,0.9,13.3,4.4,84.8,15.2,7.3,4.3,27.9,48.8,2,4,48.6,6.8,2.6,0.8,13.1,0.5,0.3,3.2,0.1,0.5,0.5,0.3,7.6,21.9,19.9,2.4,1.4,16.9,1.2,23.3,36.9,1.2,5.8,13.7,44.6,14.5,6.4,4.1,20.7,2.1,2.2,0.8,3.7,3.5,11.8,4.6,3.8,0.8,0.5,1.3,46.5,39.3,28.4,28.3,21.8,13.4,0.3,488,70,96,37,263,39,25,1,6,18,19,130,125,10,58,19,3,7,8,17,81,381,406,6:47:00,6:59:00,18:50:00,23:01:00,7:59:00,18:41:00
1_男,R25000,滋賀県,623,39.9,13.1,11.9,2.7,23.3,18.7,10.8,2.8,9.7,11.7,9.3,11.1,68.6,9.9,1.6,2.8,4.6,7.2,4.8,4.8,5.8,11.6,3.5,0.5,1.1,5.9,11.5,5.6,6,9.3,10,14,39.8,1.6,15.1,4.2,86.8,18,10.2,3.8,29.3,51.2,2.3,3.2,51.5,8.4,2.3,0.8,14.5,0.6,0.3,3,0.3,0.3,0.5,1.1,8.9,19.9,20.9,2.5,1.8,19.1,1.7,26.7,42.2,0.7,4.8,8.8,48.1,16,7.9,4.3,25.8,2.4,2.7,1,5.8,4.6,15,6.8,4.2,1.7,0.8,3.3,50.3,40.6,32.8,32.7,24.7,16.2,0.7,484,73,93,37,277,44,23,2,7,17,19,115,120,14,61,19,3,8,6,17,76,398,418,6:45:00,7:00:00,19:18:00,23:09:00,8:00:00,19:23:00
1_男,R26000,京都府,1105,43.3,17.1,16.1,4.3,26,21.5,11,3.5,10.7,14.2,12.2,11.9,70.6,11.3,2.5,3.5,3.8,6.8,5.5,4.3,5.5,11.3,2.1,1.1,0.5,7.4,10.7,6.6,4.6,10.8,12.3,14.9,42.3,1.2,12.8,6.2,85.8,18.8,13.3,7,29.9,51.6,2.9,6,53.6,10.1,3.7,0.8,14.3,0.3,0.8,2.1,0.2,0.8,1,1.2,10.1,18.8,16.7,3.3,1.4,20.2,2,30.8,40.7,1.7,5.4,7.4,46.4,20.5,6.9,3.6,16.8,2.5,1.7,0.7,3.7,3.6,6.4,3,3.7,0.4,0.4,2.2,51.2,41,36,36,27.9,18.8,0.5,484,76,99,38,248,45,26,2,6,19,22,133,116,14,54,18,2,9,7,21,86,375,371,6:54:00,7:11:00,19:01:00,23:12:00,8:05:00,19:03:00
1_男,R27000,大阪府,3794,42.6,17.1,16.1,5,26.3,21.5,12.9,4.4,10.3,13.3,10.5,7.6,69.5,10,3.1,2.9,4.6,7.7,5.6,4.2,5,13.5,1.6,1,0.8,7.9,11.3,6.8,3.3,9,11.9,15.1,41,1.3,16.2,3.9,86.7,18.7,9.8,5.5,32.5,53.3,3.4,5.7,53.4,8.5,3.2,0.3,15.2,0.3,0.5,1.5,0.2,0.1,0.5,0.5,9.7,13.1,14.9,2.1,0.9,17.3,1.1,28.4,40.5,1,5.3,12.5,47.7,20.7,6.9,4.2,13.7,3.3,2.3,1.1,3.6,2.9,5.1,3,2.8,1.3,1.2,1.6,51.1,43.7,34.3,34.3,28.8,14.6,0.1,476,73,100,43,256,41,24,1,6,19,20,139,114,16,63,17,2,9,6,13,91,375,344,6:53:00,7:11:00,19:18:00,23:20:00,8:05:00,19:14:00
1_男,R28000,兵庫県,2315,38.8,14.3,13.8,3,25.4,20.7,11.5,2.2,8.4,12.4,9,6.9,68.9,11.3,1.9,3.2,4.2,7,5,5.1,5.6,15.3,3.2,0.7,0.5,5.7,13.1,5.8,3.7,11,9.6,12.2,39,1.4,14.1,4.1,85.6,18.7,10.3,4.5,27.2,51.9,3.4,4.5,52.8,8,2.3,1.2,11,0.3,0.3,3,0.2,0.4,1.4,0.7,9.2,18.7,18,2.7,1.6,18.4,1.3,27.8,37.4,2.1,5.5,9.1,46.1,17.2,7,3.5,17.2,2.8,1.7,1,3.8,2.6,8.5,3.4,2.6,0.6,0.5,2,51.6,41.1,34.2,34.1,27.5,14.7,0.7,474,75,99,42,260,41,21,2,6,18,22,133,125,13,56,19,2,9,7,15,93,389,347,6:38:00,7:02:00,19:08:00,23:07:00,7:58:00,19:18:00
1_男,R29000,奈良県,558,38.7,11.3,10.8,2.4,24.3,19.6,10.5,3.2,9.4,12,9.6,8,69.2,9.6,1.4,2.9,2.9,5.8,4.6,3.9,4.3,15.4,2,0.6,0.6,5.8,9.9,5.6,1.4,9.1,8.5,12,37.8,1.3,13.6,4.9,87.1,16.7,11.3,5,27.1,50.7,2.4,4.1,50.1,7.3,1.9,0.9,13.1,0.6,0.4,1.4,0.3,0.3,0.6,0.4,9,23.4,18.1,2.6,1.5,18.4,1.5,27.9,33.8,2,4.7,8.4,44.1,15.5,6.2,3.4,18,1.8,1.6,0.7,3.1,3,8.5,3.4,2.4,0.4,0.3,2.3,48.4,39.9,32.4,32.4,26,13,0.2,479,69,100,41,256,44,22,2,8,20,21,131,117,17,62,16,3,6,4,21,93,385,416,6:45:00,7:04:00,19:03:00,23:02:00,7:55:00,19:00:00
1_男,R30000,和歌山県,386,31.8,10.1,9.6,1.9,18.9,15.1,8.6,2.4,7.3,9.2,6.9,7.5,64.4,9.5,2.2,3.2,3.5,5.4,4.5,4.1,4.2,10.8,1.1,0.6,0.9,3.9,15.2,6,1.7,6.5,6.8,10.8,35.2,0.9,11.7,4.1,83.3,16.2,7.4,3,23.6,44.8,2.1,3,45.2,7.3,2.9,0.4,13.8,0.1,0.5,1.9,0.5,0.6,0.5,0.7,6.3,20.8,19.6,1.8,1.4,14.8,1.2,21.6,33.7,1.3,4,12.4,41,14.9,6,3.7,20.2,3.6,2.2,0.9,4.5,4.9,9.8,3.8,3,1.2,0.4,2.6,43.1,36.3,26.3,26.3,21.3,9.2,0.4,483,74,96,29,257,38,26,2,6,19,20,144,122,16,51,17,2,11,8,18,73,400,387,6:42:00,7:04:00,18:51:00,22:54:00,7:55:00,18:47:00
1_男,R31000,鳥取県,232,33.3,9.7,9.3,2,17.7,14.6,6.9,2.4,7.3,9.7,7.9,7.7,64.8,8.2,1.4,4.5,4.2,6.8,5.8,3.3,6.2,7.6,5.3,0.7,0.6,5.2,16,6.7,5.9,6.8,9.2,11.6,31.8,1.5,11.4,4.4,82.9,13.8,11.8,4,20.8,44.1,2.2,2.1,47.3,7.8,2.1,0.8,12.6,0.6,0.6,2,0.5,0.2,0.9,0.7,8,17.9,16.2,2.4,0.8,14.2,1,24.5,33.1,1.9,5.4,12.1,38.9,8.3,5.3,3.3,27.2,2.1,3.2,0.7,6.3,4.2,16.1,6,6,0.9,0.3,2.9,37.7,31.5,20.7,20.7,15.6,8.9,0.3,490,77,91,29,264,39,24,2,5,17,18,154,122,9,49,19,4,8,7,12,61,382,459,6:43:00,7:02:00,18:56:00,23:00:00,8:07:00,18:52:00
1_男,R32000,島根県,285,32.8,9.1,8.8,1.8,18.2,15.3,8.1,2.8,7.3,10.9,9.3,8.2,66.4,9.9,2,4.1,6.8,6.4,6.6,4.1,6.1,8.5,5.8,0.7,1.2,6.7,15.2,5,3.7,7.5,6.1,11.8,33.4,1.5,13,3.1,83.7,15.5,8.7,3.5,23.1,47.6,2,3.1,46.6,7.4,2.6,0.8,13.6,0.7,0.3,1.8,0.2,0.5,0.3,0.7,7.9,22.6,19.5,1.5,1.4,15.4,1.3,25,37.4,1.9,5.6,13.1,41.4,11.8,4.4,3.2,29.7,2.8,3.5,1.1,7,4.6,18.6,7.8,5.8,1.4,0.8,2.7,39.9,32.5,21.9,21.8,16.2,9.5,0.1,488,79,97,32,277,38,27,1,6,17,18,134,120,11,48,14,3,8,6,16,65,383,445,6:33:00,6:59:00,19:04:00,22:46:00,7:56:00,18:19:00
1_男,R33000,岡山県,804,35.4,11.5,11,3,20.1,17.2,8.2,2.9,9.5,11.1,9.4,8.9,67.3,8.6,2.6,2.6,4,7.3,5,4,6.1,11.6,1.7,0.6,0.9,6.4,14.7,6,2.9,6.6,7.8,13.6,38,1.4,13.8,2.9,84.6,14.6,9.4,3.6,22,50.1,3.6,3.2,51.7,7.7,2.3,1,10.3,0.5,0.6,2.1,0.1,0.3,0.7,0.8,7.7,24.1,18.8,2.4,0.9,16.6,1.2,24.4,36.2,1.9,5.9,10.6,44.5,13.2,7,3.8,24.4,2.6,2.5,0.6,4.5,4,13.7,4.7,4.4,0.7,0.5,2,42.7,35.9,24.6,24.6,18.4,11.4,0.4,481,70,95,35,265,40,26,2,7,17,23,127,128,14,59,16,3,8,6,19,73,380,409,6:37:00,6:55:00,18:51:00,22:59:00,8:04:00,18:51:00
1_男,R34000,広島県,1202,38.8,13.9,12.8,3.1,22.7,17.4,11,3.1,9.8,10,8.7,8.4,69.4,11.6,3.8,4.4,6,8.5,5.6,3.3,6.1,11.1,3.1,0.2,1,6.4,19.3,5.3,3.1,7.5,9.2,13.1,39,1.2,14.5,4.7,85.7,26.7,10.4,3.8,28.7,48.9,2.7,3.8,50.5,6.5,3.2,1.3,14.4,1,0.4,2.5,0.2,0.5,0.8,1.1,8.7,20.4,19.6,3.2,0.9,18,1.4,25.1,37.6,1.2,4.1,11.2,45.5,15.3,9,3.4,19.5,2.5,2.2,0.7,3.7,3.7,10.9,4.2,3.4,1,0.5,1.8,45.9,37.2,28.3,28.2,18.9,16,0.4,484,69,97,36,267,40,28,2,6,18,20,135,117,14,56,17,3,7,5,17,80,391,376,6:38:00,6:59:00,19:05:00,22:55:00,7:50:00,19:17:00
1_男,R35000,山口県,562,32.2,9.6,8.8,3.1,19.3,16.5,7.1,2.8,7.4,10.3,7,6.4,66.7,9.4,4.1,4.1,5.2,8.3,3.4,3.4,6.3,11.2,2,1.8,1.5,4.9,17.4,4.9,1.7,7.8,7.9,14.6,38.4,0.9,13.8,3.9,84.7,16,7.5,2.3,22.8,46.7,1.8,2.6,47.1,7.3,2.7,0.8,12.7,0.1,0.9,2,0.4,0.4,0.8,0.3,6.8,21,17.8,2.3,0.9,18.1,1.1,23.8,36.9,1.7,4,11.1,42.4,14.2,5.8,3.2,20.7,2.5,3,0.5,4.2,3.6,10.8,4.1,4.7,0.6,0.5,1.5,42.3,35,24.9,24.8,16.5,14,0.5,485,77,94,31,248,39,25,2,4,20,22,158,119,9,59,18,2,9,6,14,70,373,439,6:27:00,6:44:00,18:50:00,22:42:00,7:53:00,18:31:00
1_男,R36000,徳島県,304,34.7,11.3,10.7,2,21.3,16.7,8.7,2.3,7.9,10.4,8.6,7.2,66.1,7.9,1.9,3.2,3.7,5.4,4.3,5.2,3.8,8.2,1.1,0.4,0.3,5.9,15.8,3.7,1.7,7.8,8.9,11.2,36.7,1,13.1,3.2,81.4,16.2,6.5,3.2,22.5,45,1.4,2.1,44.4,5.5,1,0.7,9.7,0.4,0,2.1,0.2,0.4,1.1,0.5,6.8,19.3,16.5,1.6,0.4,13.6,0.8,21.5,36.1,1.3,5.8,9.2,40.7,11.5,5,3.1,17.5,1.8,1.6,0.4,3.5,2.5,8.7,4.2,3.2,0.9,0.4,2,31.4,25.5,17.2,17.2,12.5,9.4,0.1,479,81,99,27,245,44,24,1,6,19,18,149,125,12,55,18,2,9,6,21,65,382,440,6:44:00,7:05:00,18:47:00,22:54:00,8:03:00,18:25:00
1_男,R37000,香川県,406,33.6,10.3,9.8,2.6,20.8,16.8,9,3.9,7.7,10.4,9.2,9.4,66.6,9.2,2.6,4,4.8,7.4,5.9,3.3,5.4,11.1,1.8,0.5,0.8,5.8,16,6,0.7,7.7,8.2,12.5,36.4,1.5,11.5,3.4,83.7,15.4,8.8,3.3,23.8,47.8,2.5,3.6,45.9,5.9,2.5,0.7,13.2,1,0.1,2.4,0.2,0.2,0.8,0.6,7.6,21.3,16.2,2.6,0.8,14.1,1.7,22.5,36.3,1.8,6.3,11.1,42.1,14.7,5.7,2.9,19.1,2.4,1.5,0.4,4,3,9.5,3.8,4,0.6,0.6,2,39.2,32,21.4,21.4,14.1,11.1,0.2,484,71,93,32,259,48,28,2,7,19,20,151,110,11,58,17,3,9,5,15,68,399,428,6:26:00,6:56:00,18:56:00,22:43:00,7:48:00,18:28:00
1_男,R38000,愛媛県,561,33.3,8.8,8.5,1.5,19.6,15.9,8.4,2.3,7,7.6,6.2,7.5,66.7,6.7,3.4,3,2.5,6.6,4.7,3.6,5.6,8.5,1.2,0.3,0.9,4.7,18,5.7,1.8,5.8,8,12.5,35.2,1.2,11.9,4.2,84.7,15.7,6.9,2.6,21.4,48.8,1.9,2.7,47,4.9,1.8,0.7,12.5,0.5,0.2,1.4,0.2,0.4,0.3,0.3,5.6,19.8,17.9,1.6,0.8,14.5,1.3,23.8,38.4,1.2,4.9,11.3,44,11.6,4.4,2.8,19.9,2.7,1.6,0.3,3.6,3.5,10.8,4,3.3,0.8,0.2,2,36.8,30.2,18,18,12.2,8.8,0.1,479,75,93,28,256,40,27,5,4,18,19,157,118,11,62,16,3,9,7,14,62,393,443,6:36:00,7:03:00,18:51:00,22:58:00,8:00:00,18:41:00
1_男,R39000,高知県,288,29.5,8.5,7.9,2,17.6,14.5,8.7,2.9,6.7,9.9,8.1,7.4,64.6,7.5,1.6,3.1,3.8,6.3,4.8,2.3,5.7,8.8,1,0.8,0.9,3.9,19.4,8.1,1.1,4.8,8.1,11.4,32.5,1.2,11.5,4.2,81.7,13.5,7.1,2.8,22.9,47.8,1.7,3,45,7.7,2.5,0.2,11.6,0.9,0.1,2,0.1,0.2,0.4,0.6,6.8,19.1,17.5,1.7,0.7,12.6,1.3,19.8,35,1.3,5.3,11.7,39.3,14.8,7.7,3.2,20.2,1.8,1.7,0.7,3.9,3.3,9.9,3.9,3,1.2,0.3,2.4,38.6,31.1,20,20,12.9,11.5,0.1,494,76,95,30,255,39,26,2,9,15,19,142,112,8,61,16,2,9,10,18,67,378,398,6:42:00,7:05:00,18:54:00,22:40:00,8:03:00,18:04:00
1_男,R40000,福岡県,2138,36.4,11.9,11.1,3.6,23.5,18.9,10.7,3.2,9.7,10.8,8.1,7.5,71.6,10.7,2.8,3,6,7.5,4.5,4,4.2,10.9,1.9,0.8,0.4,7,14.4,3.9,0.6,6.9,9.1,14,41.9,1.7,17.3,5.3,86.2,21,9.2,5.6,31,52.7,2.7,4.7,50.8,6.7,3.5,0.7,12.3,0.7,0.6,1.3,0,0.2,0.5,0.8,8.8,18.8,15.3,2.2,1.6,16.8,1.5,25.7,39.1,2,4.4,10.6,47.6,17.1,7.4,4.9,19.4,1.9,2.3,0.9,3.3,3.8,10.2,3.1,3.5,1.1,0.4,2.5,51.6,39.2,36.2,36.2,25.6,18,0.5,480,78,93,35,264,47,21,1,7,17,20,134,117,12,65,17,3,7,9,14,73,398,368,6:55:00,7:16:00,19:09:00,23:13:00,8:05:00,19:13:00
1_男,R41000,佐賀県,334,37.8,10.3,9.8,2.4,22.9,18.9,9.4,3,10.4,10.7,10.1,8.1,67.9,11,3.7,4.6,5.8,7.9,3.7,3.8,5.3,10,4.9,0.6,1.3,6.9,17.1,5.8,1,6.9,7.9,13.5,36.1,1,14.6,3.9,83.4,16.2,8.8,3.5,23.4,46.2,2.2,3.2,45,4.9,3.1,1.1,13,0.4,0.3,3,0.1,0.1,0.6,0.7,7.3,22.3,19.4,2.7,1.1,15,0.8,22.3,35.1,1.3,4.5,14.8,40.8,14.8,6.3,4.3,27.9,2.8,3.3,0.9,4.5,4.3,16.7,5.5,5.2,2.2,0.7,1.8,47.7,39.8,30.2,30.1,24.8,11.6,0.3,487,78,94,33,278,45,23,2,6,16,19,133,112,10,51,19,6,9,5,16,68,397,439,6:38:00,7:01:00,19:02:00,22:53:00,7:54:00,18:50:00
1_男,R42000,長崎県,534,30.3,8.7,8.2,2.3,17.7,14.1,7.1,2.9,8.1,8.5,6.4,7.5,61.5,7.7,3.4,2.4,3.2,6.6,2.5,2.9,2.9,6.6,3.4,0.3,0.9,3.8,17.9,5.6,0.4,5.3,3.7,11.1,33.6,1.4,9.6,4.5,80.4,16.3,7.4,2.7,20.4,43.9,2,2.5,43.4,5,2,0.6,11.7,0.7,0.4,2.2,0.2,0.1,0.6,0.5,5.7,21.6,18,2.1,0.7,13.3,0.7,20.5,34.4,2.6,5.4,12.2,40,12.5,4.3,2.4,22,2.8,2.7,1.1,4.8,4,12.7,4.8,4.5,1.3,0.5,2.1,33.7,26.6,20.9,20.7,15.3,9.1,0.5,482,76,98,33,269,42,23,3,6,17,19,144,119,8,54,15,4,7,7,14,74,406,469,6:39:00,7:00:00,18:56:00,22:55:00,7:49:00,18:27:00
1_男,R43000,熊本県,717,35.8,11.4,11,2,21.6,17,9.7,2.8,9.4,9.3,7.6,8.8,71.9,10,2.7,3.9,4.6,7.2,4.4,3,5.7,10.1,4,0.8,0.7,6,19.2,6.4,0.9,6.2,8.3,16,41.7,1.4,14.7,4.5,83.8,19.4,8.7,4.7,28.8,49.2,2.2,3.9,47.6,6.8,2.3,0.9,14.9,0.1,0.3,2,0.1,0.3,0.7,0.9,7.4,23.7,20.3,2.5,0.6,18.6,1.1,23.9,35.9,1.5,4.2,12.7,42.2,16.2,7.7,3.1,25.3,3.2,2.1,1,5.7,3.3,13.9,5.2,4.2,2.8,0.4,2.1,50,42.6,29.8,29.7,22.1,13.6,0.2,484,72,97,32,263,49,23,4,6,16,22,135,124,12,49,19,3,7,8,16,69,392,445,6:36:00,7:06:00,18:53:00,22:46:00,7:55:00,18:38:00
1_男,R44000,大分県,467,32.7,10.7,10.3,1.5,18.7,15.3,7.6,2.5,7.2,10.2,7.2,8.6,67.8,10.3,2.3,3.2,3.1,7.2,4.3,2.8,3.8,11.4,3.4,0.5,0.7,5.8,14.2,4.5,1.4,6.3,8.3,12.2,36.9,1.1,10.6,3.5,83.7,21.9,10.5,4.1,24.1,45.3,2.6,3.5,46.3,5.4,2.7,0.7,11.1,0.4,0.4,1.9,0.1,0.1,0.4,0.6,6.1,20.2,15.7,1.3,0.8,14.1,1.4,22.5,34.4,1.9,5.4,13,41.1,14.8,6.3,2.6,21.7,2.7,2.7,1,4.3,3.5,11,4.1,4.2,1.4,0.6,2.7,43.8,37.3,24.5,24.5,17.3,12.9,0.3,481,81,93,32,254,46,27,2,6,15,21,143,123,8,59,19,3,9,7,12,70,405,457,6:40:00,7:03:00,18:55:00,22:56:00,8:04:00,18:49:00
1_男,R45000,宮崎県,440,30.1,7.5,7.1,1.7,17.2,14.6,6.1,2.7,7.2,6.5,6.6,8.1,69.1,9.2,2.1,5.5,4.7,7.7,3.2,3.7,5.1,14.7,2.7,0.5,0.9,4.8,17.3,4.7,0.7,4.8,5.5,13.8,37.2,1.7,14.1,4.9,82.8,16.8,7.4,2.7,20,44.8,2.3,2.3,45.6,6.5,2.4,1.4,12,0.6,0.4,1.7,0.1,0.1,0.5,0.9,7.3,22.8,19.1,2.1,0.8,15.5,1.2,20.6,32.3,1.2,3.6,14.1,39.2,11.8,6.5,2.4,20.6,2.2,2.7,0.8,5,3.8,9.8,4.4,3.5,0.9,0.5,1.8,41.7,33.9,21.9,21.9,14.3,10.9,0.3,486,80,95,27,263,45,24,1,6,15,19,135,124,10,58,20,2,8,7,15,58,401,489,6:30:00,6:52:00,18:47:00,22:40:00,7:54:00,18:41:00
1_男,R46000,鹿児島県,651,34.4,9.9,9.7,2.1,20.9,16,9.8,3.8,8.4,10.7,8.2,7.5,66.4,9.6,2.8,3.9,4.8,8.1,4.4,4.3,4.2,10.9,5.7,0.6,0.7,5.7,16.2,6.3,0.2,5.9,7.3,14.5,36,1.4,11.8,4.2,81.6,17,7.1,2.9,23.4,44.7,1.8,2.6,44.2,6.4,2.7,0.9,14.8,0.7,0.7,2.3,0.4,0.4,0.6,1.7,7.9,24,21,1.6,1.5,16.7,1.1,22.8,33.9,1.3,4.3,13.2,38.6,14.6,6.4,2.2,24.3,3.5,3.1,1,5,2.8,13.9,3.9,4.7,1.1,0.7,1.9,43.5,36.7,22.8,22.8,16.6,11,0.4,492,74,99,27,260,46,26,2,6,17,19,138,118,11,48,19,2,8,11,16,62,387,448,6:33:00,7:01:00,19:00:00,22:47:00,7:52:00,18:28:00
1_男,R47000,沖縄県,621,34.8,12.5,11.6,3.3,18.6,14.9,8.2,1.2,7.5,9.2,7,9.1,68.7,12.9,1.2,2.8,6.4,6.7,4.4,2.8,5,13.3,4,0.7,1.1,9.2,15.9,6.6,0.4,2.1,7.2,14.9,36.8,1.4,16.2,4.4,81.3,16.8,5.5,2.7,19.6,46.9,1.8,1.9,45.9,8.7,4.4,1.1,12.1,0.3,0.5,3.8,0.2,0.1,0.1,0.6,6.1,17.5,19.2,1.9,0.4,11.1,0.5,19.8,35.1,1.4,3.3,5.7,38.2,9.2,4.3,2.1,17.8,2.4,1,0.3,4.6,2.2,8.5,2.3,2.9,0.6,0.1,2.5,27.2,21.2,14.3,14.1,11.1,4.3,0.4,484,71,93,35,268,50,26,2,7,18,18,130,114,12,49,21,2,13,6,21,70,400,392,6:32:00,7:07:00,19:04:00,22:53:00,7:56:00,18:25:00
2_女,R00000,全国,57633,39.5,13.9,12.2,4.8,15.5,13,5.6,4.4,17.7,7.8,12.5,7.6,63.3,2.8,0.9,3.8,2.6,1.9,4.5,3,6.7,2.3,1.4,0.2,0.2,3.9,3.7,5.1,2.3,7,6.1,7.4,48.2,9.3,11.1,4.4,85.8,11,12.9,8.4,30.8,52.4,4.8,7.2,53.7,11.9,3.1,2.3,13.8,1.5,1.8,4.6,2.3,1.3,10.1,16.5,28.5,31.4,4.8,4.3,2,24.7,2.7,34.4,33.7,0.3,1.1,2.5,39.3,20.8,4.8,3.6,17.5,2.1,2.9,1,5.5,2,6.4,2.4,2.7,0.7,0.9,2.1,50.1,40.9,32.5,32.5,24.9,14.4,0.4,469,92,101,24,152,37,146,4,21,33,23,125,116,12,37,10,2,12,8,17,71,282,404,6:33:00,7:17:00,18:49:00,23:02:00,8:44:00,17:47:00
2_女,R01000,北海道,2434,35.4,11.1,9.5,3.9,12.6,10.6,4.2,5.2,17.9,7,11.1,7.2,58.8,3.6,1,4.3,3,2.2,4.5,2.4,6.8,1.4,1.2,0.2,0.2,3.4,4.8,4.6,6.3,5,4.9,6.4,43.8,7.7,10.3,4.3,84.8,11.7,9.9,5.1,23.2,50.2,4.7,6.6,51.6,9.7,3.1,1.5,15.6,1.3,1.3,3.7,1.6,1.2,10.5,19,27,31,5.2,3.6,1.3,23.7,2.3,32,32.4,0.3,1,3.9,41.6,17.1,7.7,3.5,15.6,1.5,2.8,1,4.1,2,5.7,1.4,2.2,0.6,0.7,2.2,51.3,40.4,34.2,34,24,18,0.4,479,91,96,18,143,29,143,5,19,30,18,152,123,9,40,8,2,10,8,15,57,288,390,6:32:00,7:21:00,18:28:00,22:51:00,8:44:00,17:23:00
2_女,R02000,青森県,575,25,6.4,5.4,2.2,9.2,7.6,3.3,3.3,11.5,4,7.9,4.1,46.1,2.3,0.4,3.4,2.7,1.2,2.4,1.6,4.7,0.9,0.7,0,0.2,2,4.5,2.9,3.1,3.9,2.4,6,34,4.4,7.3,2.7,77.9,8.9,8.9,3.7,21.6,42,2.4,3.7,43,6.1,3.1,1.4,10.7,1.6,1,2.9,1.8,0.8,7.7,15.3,21.3,29.2,3,1.9,0.9,16.4,1.8,25.5,26.3,0.1,0.6,2.6,30.7,11.3,3.7,2.3,12.5,1.1,1.3,0.6,4.4,1.4,4.9,1.2,1.2,0.2,0.1,1,36.5,30,19.4,19.3,13.7,8.9,0.3,484,90,101,18,169,35,141,3,15,31,18,147,115,7,31,6,1,9,8,12,56,327,438,6:08:00,7:04:00,18:25:00,22:25:00,8:24:00,17:23:00
2_女,R03000,岩手県,555,30.4,7.9,7.1,2.6,10.7,8.3,4,4,14,5.9,8.7,5.7,55.2,3,1.3,3.2,3.3,2,4.8,2.5,7,0.8,1.2,0.2,0.4,2.7,4.3,4.8,3,5.1,3.6,7,40.3,6.2,9.2,3.6,83,10.8,10.8,5.1,20.8,44.2,4.9,5.9,46,9.1,2.7,2.7,10.9,1.6,1.1,4.1,2.7,1.2,10.5,19.7,27.5,36.2,5.2,3.2,2.2,21.1,1.9,28.2,29.1,0.4,0.8,3,33.5,8.9,2.8,2.8,24.7,2.7,3.5,0.9,6.2,2.2,12.8,4.3,3.9,0.8,0.7,2.3,47.7,39.5,28,27.9,21.9,10.8,0.1,476,90,101,20,179,41,137,3,14,30,20,127,119,8,32,8,2,9,7,16,58,324,514,6:14:00,7:04:00,18:41:00,22:30:00,8:24:00,17:31:00
2_女,R04000,宮城県,1056,38.3,13.1,10.8,5.2,15.3,13.5,5.3,4.2,18.7,7.6,10.9,6.6,61,4.1,1.1,3.9,4.6,2.7,4.7,2.2,7.7,1.4,1.5,0.3,0.2,3.8,4.3,5.2,2.7,5.1,4.1,8.2,44.1,7.9,11.5,3.9,86.6,16,9.6,7.6,29.8,51,4.4,6.6,54.5,11,2.8,1.8,13.3,1.3,1.1,3.5,1.8,0.9,9.7,17.4,30.2,31.3,4.8,3.5,2.1,25.6,3.1,35.5,36.4,0.4,1,3.3,38.1,19.2,5,3.2,20.4,1.6,3.1,1.2,6.7,1.9,9.2,3.7,2.9,1.1,0.8,2.4,53.2,43.1,33.9,33.8,24.6,17.9,0.2,483,90,100,25,153,31,142,3,19,30,20,120,122,9,44,11,2,12,8,16,71,291,369,6:26:00,7:17:00,18:43:00,22:41:00,8:51:00,17:51:00
2_女,R05000,秋田県,446,29.2,7.8,7,2.2,10,8.4,3.7,3.5,15.4,5.5,8.7,5.6,50.6,2.5,0.6,4,3.8,1.4,4.4,1.4,5.3,0.6,1.9,0.3,0.3,1.7,2.3,4.1,3.1,3.9,3,6.1,37.8,4.6,7,2.7,80.5,10.5,10,5,22.7,44.7,4,3.9,44.6,7.6,2.2,1.9,11.1,1.5,1,3.4,2.8,1.5,10.6,17.9,27.3,32,3.5,3,1.5,17.9,1.4,27,27,0.1,0.2,1.7,29.3,15.8,2.8,2.6,18.2,1.3,2.8,0.6,5.9,1.5,8,1.4,1.9,0.6,0.3,1.2,44.4,39,23.3,23.2,19.3,7.1,0.5,479,90,105,18,146,28,158,3,12,35,18,141,124,9,34,6,1,10,8,15,55,293,413,6:14:00,7:15:00,18:34:00,22:29:00,8:46:00,17:36:00
2_女,R06000,山形県,485,33.4,9.6,8.7,3.2,12.5,10,4.5,4.8,17,6,10.7,6.1,55.7,2.2,1.3,4.2,2.7,2,4.8,2.2,6.5,0.9,2.7,0.2,0.4,2.6,4,3.5,3.1,7.2,2.7,7.1,40.7,6.1,9.3,2.8,81.5,10.4,11.6,5.2,28.4,45.1,5.5,5.3,44.5,9.2,2.8,2.4,12.3,1.1,1.1,4.9,3.5,1.6,10.5,17.8,26.1,33.4,3.8,2.8,2.8,20.1,2.3,28,29,0.2,0.6,1.8,32.1,13.5,4.5,2.8,19.1,2.3,3.2,1,6,2.1,8.9,2.9,3.2,0.6,0.5,2,45.9,39.8,24.1,24,19.4,7.9,0.2,477,87,101,17,161,33,141,5,23,32,19,136,120,8,31,9,1,11,11,17,51,300,409,6:22:00,7:17:00,18:45:00,22:42:00,8:53:00,17:48:00
2_女,R07000,福島県,823,29.5,7.9,7,2.8,9.1,7.6,3.1,4,15,5.8,7.9,6.1,54.1,2,0.9,3.4,2.2,1.1,4.3,1.6,6.4,1.7,1.4,0,0.1,2.7,3,3.5,2,5.1,3.9,5.5,39.3,5.7,11.1,2.2,80,8.6,10.9,4.1,22,44.6,3,4.3,46.6,8.4,2.6,1.8,11.9,1.4,1.3,2.8,1.9,0.9,7.6,15.4,24.5,33.6,3.2,2.7,1.6,17.9,2.5,27.4,30.3,0.2,0.4,2.6,33.2,13.8,3.1,2.7,17.2,1.7,3,0.9,4.8,1.3,7.9,2.6,2.8,0.7,0.8,1,43.4,37.9,22,22,16.7,8.3,0.3,469,85,102,22,166,39,140,5,16,31,21,139,114,9,37,8,1,11,8,20,63,304,449,6:18:00,7:05:00,18:43:00,22:44:00,8:37:00,17:36:00
2_女,R08000,茨城県,1284,35.8,13,11.7,4.1,14.6,12.1,5.5,3.5,17.6,7.6,11.8,7.7,62.9,2.6,0.8,4.3,3.6,1.6,3.9,2.8,8.7,3.1,1.2,0.3,0.5,3.8,2.3,5.3,1.4,8,7,8.5,49.6,8.8,10,4.5,84.7,8.5,9.1,5.1,29.7,50,3.7,4.4,51.3,10.9,2.4,1.8,11.8,1,2.1,5.3,2.2,1.4,8.8,15,28.4,37.2,5,4.5,1.5,25.2,2.2,31.8,31.6,0.2,1.1,1.9,38.5,19.4,4,3.1,16.5,2.1,2.4,1,5.4,1.9,5.5,2.4,3.4,1.1,1.1,1.8,45.3,38.7,24.7,24.7,19.3,9.4,0.6,472,92,104,24,156,38,148,4,16,33,22,131,113,10,35,9,1,8,6,17,70,290,408,6:29:00,7:11:00,18:58:00,22:56:00,8:38:00,17:42:00
2_女,R09000,栃木県,865,34.1,11.9,10,4.1,12.6,10.1,5.3,3.2,14.6,6.3,9.5,5.7,60,2,0.8,4,3.1,1.6,3.5,2.7,6.8,2.2,1.3,0.1,0.1,4.1,3.7,4.5,2.7,7.6,4.9,7.2,45,6.6,11.5,3.4,83.6,9.8,8,4.7,27.1,47.1,3.2,5.2,49.1,10.6,2.5,1.9,13.9,0.9,2,3.6,1.6,0.8,9,14.4,25.4,34.5,4,3.7,2.5,20.8,2.5,29.2,30.6,0.2,1.3,2,37.1,20.8,4.4,2.9,16.2,1.9,2.7,0.8,5.4,2.2,6.6,2,2.7,0.3,0,1,48.4,41.5,29.3,29.3,22.9,12.6,0.4,470,89,104,24,162,39,147,5,17,32,19,128,119,8,32,9,1,9,10,15,67,295,433,6:23:00,7:08:00,18:47:00,22:51:00,8:39:00,17:58:00
2_女,R10000,群馬県,867,34.8,10.8,9.4,4.2,12.1,10.5,3.7,4,16.5,6.5,10.1,6.4,64.1,2,0.8,2.8,2.3,1.3,4,2.9,6.6,2.6,2.4,0.1,0.2,3.3,2.3,3.3,2.8,7.4,5.8,6.9,49.6,7.5,11,3.8,84.7,8.6,9.6,5.1,28.4,50.2,4.7,5.6,50.9,9.8,3,2.2,13.7,1.4,2,4,2.2,1.2,9.4,14.5,26,37.2,5.3,3.9,2,23.3,2.6,30.7,31.2,0.4,0.8,1.8,36.4,18.3,3.6,2.4,17.7,2,2.7,0.5,6,1.1,7,3.1,3.7,0.5,0.6,2,52,44.6,29.2,29.2,24.4,9.7,0.1,473,91,103,20,146,40,147,3,24,32,23,130,120,10,30,11,2,11,6,19,58,276,430,6:24:00,7:17:00,18:46:00,22:49:00,8:38:00,17:15:00
2_女,R11000,埼玉県,3321,37.9,12.8,10.9,4.8,14.3,11.9,5.4,4.7,16.2,7.9,12,7.6,65.3,3,0.8,2.7,2.8,2.2,4.4,3.6,7.3,1.8,1.4,0.3,0.3,3.6,2.7,5.3,2.5,7.4,6.1,8.1,50.6,9.3,12.1,4.7,87.7,10,10,9.6,34.6,55.1,5.1,8.1,56.8,13.2,2.9,2.2,13.5,1,2.3,5.6,2.2,0.7,11,16.9,29,33.3,4.3,4.1,1.8,25.7,2,37,35.6,0.3,1,2.4,40.1,20,4.6,4.2,15.9,1.7,2.3,0.8,5.4,1.8,4.6,2.4,2.2,0.5,0.7,2.4,52.1,42.2,34,33.8,26.5,13.9,0.2,467,93,104,26,138,38,153,6,25,33,24,125,110,13,39,10,2,12,9,14,82,264,405,6:32:00,7:18:00,18:53:00,23:08:00,8:35:00,17:45:00
2_女,R12000,千葉県,2851,41.1,15.1,13.5,4.8,16.5,13.8,6.2,3.9,18.2,7.9,12.2,6.8,64.6,2.7,0.7,3.3,3.1,1.6,3.8,3.7,6.2,2.9,0.9,0.2,0.5,3,2.5,4.5,1.7,4.9,5.9,8.3,50.3,10.7,11.4,3.9,87.1,9.6,10.3,8.1,33.2,54.1,3.6,7.1,55.4,12.7,3.4,2.5,12.3,1.9,1.7,3.9,1.8,1,11.7,17.6,29.2,30.9,5,4.6,1.8,26.3,3,37.8,32.6,0.4,1,2.1,40.5,21.5,4.3,3.3,16,2.5,2.4,0.9,5.6,1.6,4.1,1.8,2.6,0.6,1,1.7,48.8,39.1,32.4,32.4,25.1,14.3,0.2,467,92,105,28,142,35,150,4,21,33,22,124,119,13,39,9,2,11,7,18,86,267,405,6:34:00,7:24:00,18:57:00,23:05:00,8:54:00,18:01:00
2_女,R13000,東京都,6471,51.7,22.9,20.5,8.1,22.8,18.7,9.1,4.7,20.1,11.9,19.9,9.9,73.6,2.9,0.7,3.5,1.7,2.1,6.2,4.4,8.5,3.1,0.7,0.1,0,5.3,3.3,8.6,3.8,9.5,12.7,11.5,58.6,14.2,13.3,7.1,91.3,12.5,20.7,16.4,38.6,63.4,7.6,9.6,64,16.4,4.1,2.8,16.3,2.5,3,4.7,1.8,1.2,11,16,32.9,29.1,5.2,5.6,3.1,29.7,3.9,46,39.5,0.3,1.6,1.6,45.2,27.6,5.7,6,16.5,2.6,2.3,1.3,6.1,2.2,3.1,2.2,1.9,0.5,1.6,2.6,55.9,44.3,43,42.9,34.2,20.5,0.4,467,91,101,28,173,32,136,3,22,32,27,104,118,16,43,10,1,15,7,16,84,292,372,6:55:00,7:31:00,19:08:00,23:34:00,8:55:00,18:41:00
2_女,R14000,神奈川県,4188,46,17.4,15.2,5.9,20.1,17.3,7,4.3,19.3,9.9,15.4,9.2,68.1,3.6,1,2.9,2.5,2.3,5.2,4.2,7.5,2.9,0.8,0.3,0.3,4.3,3.4,5.3,2.2,9.2,7,7.6,51.7,12.5,13.2,5.7,88.6,11.1,13.5,10,35.6,57.8,6,9.9,58.9,13.6,2.8,3.1,14.3,1.4,2.5,4.2,1.9,1.3,12.1,18.6,30.2,30.6,5.5,5.2,2.4,29.3,3.2,41.6,38.3,0.3,1.3,2.2,44.2,26.3,5.2,3.8,17.8,1.8,2.9,0.9,6.5,2.7,5.3,2.3,2.9,0.9,1.3,2.4,53.9,43.4,37.1,37,29.5,14.7,0.5,464,90,104,27,145,38,152,4,21,35,24,123,119,13,41,10,1,11,7,13,87,266,386,6:39:00,7:23:00,18:55:00,23:17:00,9:00:00,18:17:00
2_女,R15000,新潟県,1000,34.9,8.5,7.4,3.1,12.2,9.8,5.1,4.1,16,7,11.2,5.5,55.2,2,0.7,4.3,2.8,1.7,3.9,1.6,6.3,1.5,0.5,0,0.1,2.2,3.7,4.9,4.4,6.3,4.4,6.3,39.9,8.3,8.6,3,83.8,10.6,13.4,5.3,28.1,49.1,3.7,5.8,48.1,9.1,2.7,1.7,11.7,1.2,1.3,4.7,2.5,1.2,10.2,16,25.2,34.6,3.4,3.5,1.3,20.9,1.9,31,32,0.4,1.1,1.5,34.3,17.8,4.1,4,17.1,1.6,2,0.9,4.9,1.9,7.7,2.3,2.4,0.4,0.8,1,47.9,39.8,29.5,29.5,24.3,10.3,0.4,474,93,103,20,160,37,142,4,18,29,23,135,112,10,38,8,2,13,7,15,55,288,421,6:24:00,7:09:00,18:41:00,22:41:00,8:35:00,17:11:00
2_女,R16000,富山県,472,34,9.7,8.6,3.5,11.8,9.6,4.3,4.3,15.1,5.6,11.7,6.3,55.1,2.3,0.7,2.3,2.8,0.9,3.4,2.4,5.2,0.8,1,0.3,0.2,3.4,3.1,4.7,4.4,6.4,3.9,7.4,39.5,6.4,9.3,4.4,82.2,10.6,14.7,7.8,32.3,48.4,5.3,5.7,44.1,10.4,2.6,1.8,11.6,1.3,1.1,4,2.8,2.1,7.8,14.4,25.7,30.9,4.4,3.5,1.6,20.5,2.2,29.3,29.5,0.3,0.6,2.2,32.7,18.6,3.4,3.2,18.1,1.5,3.4,1,4.9,2.2,8,3.1,3.1,0.4,0.7,1.5,41.9,35.1,25.3,25.2,20.5,8.7,0.3,467,88,102,21,176,35,142,5,14,31,20,141,111,10,32,8,2,12,9,16,56,307,427,6:13:00,7:03:00,18:45:00,22:40:00,8:35:00,17:28:00
2_女,R17000,石川県,511,37.6,11,9.7,3,14.4,12.4,4.1,5.4,16.3,6.5,10.6,7.4,60.1,2.7,1.2,4.4,3,1.6,5.3,2.2,7.3,1.8,1.8,0.3,0.2,3.9,4.8,4.5,2.9,5,3.7,6.8,44.7,8.3,10.4,4,86.2,9.6,15.4,7,32.6,49.9,5.4,6.3,51.5,10.4,3.4,1.1,12,1.1,1.2,5.1,4,2.2,9.2,15.5,28.8,31.7,3.9,3.8,2.6,21,2.9,31.6,35.8,0.1,1,2.7,37.4,16.4,4.3,3.2,19.7,1.9,2.9,0.7,5,2.2,9.7,2.4,3.3,0.6,0.7,1.6,46.3,35.6,29,29,21.6,13.6,0.3,473,91,98,21,169,39,137,3,22,31,20,130,110,10,38,11,2,14,5,15,56,296,411,6:27:00,7:11:00,18:47:00,22:51:00,8:40:00,17:43:00
2_女,R18000,福井県,345,37.1,10.3,8.9,3,13.4,10.8,5.5,3.7,16.8,5.4,10.9,6.9,57.9,2.6,0.9,4.3,3.1,2,5,2.3,7.9,1.8,1.2,0.1,0.4,5.3,3.4,5,2.3,7.3,4.8,7.5,42.4,7.5,9.2,3.6,84,8.8,16.4,5.6,32,49.9,5.5,6,51.1,11,3.4,1.7,12.8,1.9,1.5,4.8,2.8,1.8,8.5,14.6,27.9,31,3.9,3.5,2.5,22.2,2.3,29.1,31.6,0.2,1.2,2.3,35.2,16.5,4,3.6,18.7,1.9,2.9,0.8,5.5,2,8.7,2,2.4,0.5,0.6,1.9,45,38.5,24.4,24.4,18.9,8.8,0.6,473,92,100,23,177,41,146,3,22,31,18,115,111,10,29,8,2,13,7,18,60,308,458,6:19:00,7:03:00,18:43:00,22:47:00,8:20:00,17:27:00
2_女,R19000,山梨県,368,37.1,13.6,11.6,4.7,13.6,11.3,4.6,4.2,16.9,8.1,12.6,6.7,59,2.7,0.9,3.2,1.6,1.8,2.9,2.5,6.4,2,1.8,0.1,0.3,4.1,3,3.6,2.5,8.3,3.8,6.7,45.4,7.9,9.7,3.7,82.1,10.4,13.9,6.7,26,47.1,5,6.6,48,11.8,2.4,2.1,12.2,1.4,1.3,5.1,2.4,1.3,8.8,16.8,28,34.8,4.3,5.3,2.2,21.3,3.3,31.5,29,0.4,1,2.2,31.7,16.2,4.7,2.3,18.7,2.1,3.5,1.7,4,1.7,7.2,2.3,4.2,1.1,0.8,1.6,47.6,41.2,26.7,26.7,20.2,11.2,0.3,476,95,108,21,160,38,143,4,14,31,21,122,117,13,28,9,2,10,9,19,61,292,400,6:31:00,7:13:00,18:46:00,22:52:00,8:53:00,18:08:00
2_女,R20000,長野県,929,36.1,10.9,9.1,3.8,11.8,9.5,4.1,4.4,15.7,5.7,11.4,7.3,61.7,2.6,0.8,4.2,3.2,1.8,4.1,1.9,6,2.9,0.7,0.1,0.5,4,3.1,6.2,4.9,9.5,4.2,6.8,45.6,9,8.9,5.9,84.8,10.8,13.1,7.1,26.6,46.8,5.4,6.4,49.1,11.9,2.3,3.4,14.6,1.5,1.7,4.8,3.7,1.4,9.6,16.6,31.3,37.8,4.2,3.9,2.4,23,2.8,33.9,30.7,0.4,0.6,2.2,33,14.6,4.6,3.4,19.9,1.8,3.7,0.8,6.1,2.3,8.1,2.6,3.2,1.3,0.4,2.4,49.2,41,28.6,28.5,21.7,12.5,0,468,93,106,22,163,40,151,5,25,28,21,111,112,10,35,11,2,10,11,15,62,290,457,6:12:00,7:02:00,18:44:00,22:42:00,8:22:00,17:25:00
2_女,R21000,岐阜県,906,36.8,11.6,10.5,3.4,13.4,11.4,5,5.2,16.5,6.8,10.3,7.8,61.8,2.5,0.9,5.1,2.4,1,3.8,2.3,7.1,3,1.6,0.1,0.2,4,3.4,3.2,2.1,7.5,4.6,4.8,46,8.3,10.6,4.1,84.1,8.4,9.3,6.7,29.8,48.6,3.4,5.8,49,10.7,2.9,2,13.1,1.2,1.5,5,3.2,1.9,9.2,14.7,28,32.4,4,3.6,1.8,21,2.2,27.9,31.5,0.4,0.8,3,39,17.2,3.9,3.4,20,2.2,3.7,1.3,6.7,2.8,8.8,3.3,3.3,0.8,1.1,2.4,49.7,42.9,28.4,28.2,22.5,11,0.4,465,87,97,23,162,42,148,6,18,30,21,127,120,10,35,9,2,13,8,18,64,289,435,6:26:00,7:07:00,18:32:00,22:54:00,8:44:00,17:10:00
2_女,R22000,静岡県,1639,36.9,12.1,10.7,3.3,14.2,11.8,4.3,3.6,16.5,6.5,11.6,7.5,63.1,2.6,0.7,4.3,3,2.4,4.3,3.1,6.6,1.6,1.9,0.1,0.2,4.3,3.6,5.9,0.7,6.6,5,7.8,49,8.5,11.5,4.2,83.9,10.2,12.4,6.7,28.3,49.2,4.6,5.7,50.5,11,2.7,2.7,13.2,1.8,1.5,3.8,3,1.3,10.6,18,27.7,34.6,4.8,4.8,2,23.9,2.1,31.9,33.3,0.2,0.8,2.6,38.4,18.2,4.1,3,16.9,1.6,2.8,0.7,4.7,1.5,7.2,2.3,3.3,0.7,0.9,1.4,41.6,37.7,22.6,22.6,18.1,9.1,0.4,463,96,101,20,147,41,158,2,17,34,21,135,115,10,35,10,2,13,7,15,60,272,443,6:17:00,7:06:00,18:31:00,22:49:00,8:34:00,17:16:00
2_女,R23000,愛知県,3366,39.5,14.4,12.5,4.6,15.2,12.7,5.3,4,17.4,7.6,12.2,6.7,65.2,3.3,1.3,4,3.2,2.3,5.2,3.5,7,3.3,1.6,0,0.2,5.2,4.3,6,2.8,7.8,5.2,7.2,48.2,10.4,11.2,4.9,89,11.5,13.9,9.4,34,55.3,5,9.3,57.7,13.6,3.3,2.2,15.5,1.7,1.7,6,2.4,1.3,11.3,16.7,30,32.7,5.4,4.7,2.4,27.5,2.1,33.8,35.7,0.5,1,2.9,44.1,26.8,7.4,4,16.8,1.7,2.2,1.3,5.7,1.8,5.8,3.3,2.6,0.5,0.9,1.5,57.7,47.8,40,39.9,31.6,16.3,0.4,470,92,99,23,143,38,151,3,29,35,25,118,113,12,40,9,2,12,8,16,70,274,378,6:28:00,7:12:00,18:45:00,22:53:00,8:47:00,17:28:00
2_女,R24000,三重県,803,34.8,10.9,9.5,3.7,10.6,8.9,3.8,3.7,17,6.1,10.6,6.1,60.3,3.1,1.2,3.5,2.2,2.2,4,2.8,5.5,1.6,2,0,0.2,3.4,3.2,3.9,1,5.5,3.7,6.4,47.3,6.7,9.7,4.6,83.6,9.4,9.5,5.8,27.8,48.9,2.7,7,49.7,9.8,2.4,2.2,12,2,1.6,4.4,2.7,1.8,9.8,16.4,28.7,34.6,4.7,3.6,2,22.9,2,30.1,32.3,0.2,1,2.3,37.8,15.5,3.2,3.1,17.9,1.1,3.2,0.8,4.8,1.8,7.7,2.6,2.5,0.6,0.1,1.7,47.4,40.6,27.7,27.7,21.1,11.9,0.2,466,90,99,23,145,37,156,5,28,33,21,129,116,11,33,10,2,10,9,18,69,275,446,6:24:00,7:10:00,18:37:00,22:59:00,8:40:00,17:20:00
2_女,R25000,滋賀県,638,39.4,12.5,11.3,3.7,14.9,13,4.6,3.9,19,7.4,11.4,7.9,65.8,3.3,0.9,4.1,2.3,1.5,4,4.1,8.2,2.5,3.3,0.4,0.4,3.9,4,4.3,2.7,7.4,6,8.1,48.4,9.5,10.3,4.2,86,10.3,12,6.5,28.9,50.3,3.8,5.4,54.2,12.2,3.4,2.3,13.6,1.1,1.5,4.6,3.3,1.5,10.3,17.2,31.1,35.4,6.4,5.3,2.4,24.5,2.5,31.4,32.2,0.2,1.3,2.7,39.8,17.7,6.7,3.2,22.7,2.1,3,1.3,6.5,2.3,11,4,3,0.9,0.5,3.6,54.1,45.1,35.7,35.5,26.9,15.6,0.6,472,100,99,22,137,42,160,4,23,37,21,105,121,12,34,10,2,12,8,18,66,259,385,6:34:00,7:13:00,18:49:00,22:59:00,8:53:00,17:20:00
2_女,R26000,京都府,1206,43.7,14.7,13,6.6,17.8,15.5,5.6,4.4,21,10.5,15.1,8.3,63.7,2.7,0.7,4.3,2,1.1,5,3.6,6.8,1.9,1.3,0.2,0.1,4.1,3.9,4,2.2,8.8,7.2,6.9,47.5,9.7,9.5,4.4,85.3,11.9,17.3,10.4,30.8,54.5,5.9,9.1,53.7,12.7,2.9,2.6,12.5,1.5,1.8,4.8,3.1,1.5,10.9,16.7,28.1,30.4,5.1,5.3,2.5,26.5,4,35.8,34,0.3,1.2,2.1,40.2,27,4.9,3,16.4,2.5,3,1.2,3.8,2.5,4.7,2.1,2.2,0.4,1,2.7,56.9,46.3,39.2,39.1,29.3,19.9,0.8,469,97,101,24,130,41,157,4,22,34,25,118,116,12,35,10,2,13,9,21,74,257,390,6:35:00,7:19:00,18:44:00,23:11:00,8:37:00,17:27:00
2_女,R27000,大阪府,4120,40.2,16.2,14.8,5.9,16.1,13.6,6,4.9,18.9,8.8,12,8.1,62.9,2.9,0.6,3.3,1.9,1.9,4,2.2,6,3.6,0.8,0.1,0.2,2.8,3.2,5.4,1,7.7,6.6,6.6,48.3,9.9,12,4.2,86.8,11,13.5,10.6,34.3,54.7,4.1,9.4,55,11.5,3.6,2.3,14.1,1.3,1.6,4.9,2.2,1.1,9.5,17.1,28.2,25.5,5.6,4.7,1.9,24.8,2.6,35,36.2,0.9,1.6,3.8,43.9,23.4,4.2,3.3,15.1,3.1,3.4,1.4,5,2.3,5.3,2.3,2.4,0.9,0.8,2.4,52.6,41.1,36.7,36.6,27.6,17.2,0.3,467,95,103,27,146,34,139,5,22,34,22,128,112,14,42,11,2,13,9,17,81,278,335,6:43:00,7:26:00,18:54:00,23:14:00,8:41:00,17:57:00
2_女,R28000,兵庫県,2556,40.2,12.5,10.4,5.1,15,13,4.3,4.7,19.5,6.5,12.1,7.9,64.1,2.4,1,3.9,1.9,1.7,4.2,3.1,5.4,2.9,2,0.2,0.3,3.2,4.1,3.8,1.9,8.7,5.9,5.5,48.3,9.2,11.4,3.3,85.2,9.6,14.2,8.2,27.9,50.6,5.5,7.1,52.6,12,2.9,2.6,12.3,1.2,1.3,5,2.6,1.2,10.1,17.9,28.2,29.1,5,4.7,2.3,23.6,2.5,33.6,32.5,0.3,0.7,1.6,38,20.6,4,3,18.2,1.9,3,1,4.4,1.6,7.5,2.3,2.9,0.4,0.6,1.9,51.5,42,34.3,34.2,26.3,15.3,0.6,467,100,103,25,143,38,150,4,19,35,22,123,112,12,36,11,2,11,8,18,75,273,376,6:37:00,7:18:00,18:55:00,23:05:00,9:03:00,17:45:00
2_女,R29000,奈良県,625,40.8,12.7,10.9,4.9,16.9,14.6,5.1,4.9,19.4,7.1,13,8.3,60.8,2.1,0.7,3.5,2.2,1.7,3.7,2.4,6.2,2.3,1.2,0.1,0.3,4.3,3,3.9,1.3,9.4,4.9,5.5,44.3,8.9,10.4,4.2,85.3,10.4,12.7,8.2,29.3,51.5,4,7.9,52,13.1,3,2.6,12.7,1,1.3,6.1,3.4,2.2,9.6,16.9,27.2,33,4.4,4.9,2.2,24.1,2.4,34.4,32.2,0.2,1,1.3,40.9,20.1,5.3,3.5,19,2.3,3.8,0.9,5.6,2.7,6.5,3.2,2.3,0.3,0.7,2.4,52.1,43.5,34.7,34.6,28.2,13,0.1,468,94,105,25,129,36,170,5,17,37,23,125,110,11,39,9,2,11,6,18,82,257,357,6:33:00,7:16:00,18:50:00,23:11:00,8:55:00,17:56:00
2_女,R30000,和歌山県,430,30.8,9,7.9,2.7,10.8,8.9,4,4.3,14.6,5.3,10.7,6.3,55.6,2.1,0.9,2.7,1.8,1.1,4.6,2.1,5.2,1.9,0.9,0.3,0.4,2.8,4.3,4.2,1,4.6,3.8,5,40.9,6.8,7.8,4.9,83.3,8.1,8.8,4.5,26.3,47.7,3.4,4.5,46.4,9.1,2.9,1.6,12.3,1.5,1.8,5.2,2.9,1.4,9.5,13.8,25.1,35.6,5.1,4,2,20.5,2.2,25.9,28.3,0.3,0.8,2.8,34.8,17.5,4.5,2.9,16.5,2.3,3.1,0.8,5.2,2,6.2,2.2,2.5,0.7,0.7,2.5,44.9,38.1,27.2,27.1,21.3,10.7,0.5,469,98,100,17,144,34,157,7,17,32,20,133,120,9,33,10,2,12,8,18,56,276,389,6:35:00,7:16:00,18:34:00,22:55:00,8:50:00,17:30:00
2_女,R31000,鳥取県,252,34.7,9.2,7.9,3.6,11.9,9.3,5.4,4.2,15.4,6.6,11,8.2,57.9,2.6,0.8,4.4,2.2,1.8,3.5,2.5,5.7,1.3,3.1,0.1,0.3,3.3,4.6,6.4,2.2,5.8,4.3,6.1,42.2,6.9,7.8,4.2,80.5,10.3,13.1,4.7,25,45.3,3.4,4.5,46.9,10.2,2.1,2.1,12.1,1.7,1.8,4.5,2.4,1.9,8.6,15.2,28.5,33.4,4.2,3.7,1.3,20.9,2.6,29.5,28.6,0.2,1,2,29.8,12.6,3.1,3.2,21.2,1.7,3.9,0.9,6.7,2.4,10.2,3.3,3.3,0.7,0.5,2.7,39,31.7,20.9,20.9,14.7,9.9,0.5,470,97,99,20,165,36,140,4,13,31,22,139,115,10,33,10,2,10,5,18,56,302,428,6:16:00,7:05:00,18:49:00,22:43:00,8:24:00,17:27:00
2_女,R32000,島根県,302,33.8,7.6,6.8,2.6,12.1,9.8,4.4,4.9,16.4,5.5,11,7.2,56.7,3.1,0.4,4.3,3.1,1.7,4.3,3.8,6.3,1,3.2,0.1,0,2.7,5.3,3.9,1.2,5.3,3.2,5.6,41,6.1,9.4,2.7,81.3,9.8,10.8,5.6,23.6,41.9,4.3,4.2,44.3,9.3,2.2,2.1,11.6,1.4,0.9,3.8,3.9,1.9,8.2,16.1,25.1,34.9,4.5,3.7,2,18.8,2.7,29.1,27.5,0.2,1,2.4,30.2,12.5,2.8,2.4,21.6,1.8,4.9,1.5,6.7,2.3,8.4,2.9,3.8,0.7,0.3,1.8,39.6,32.4,20.6,20.5,14.4,9.1,0.1,471,94,98,24,179,45,138,4,15,27,18,119,119,10,29,8,2,12,9,18,60,322,490,6:22:00,7:06:00,18:49:00,22:48:00,8:31:00,17:51:00
2_女,R33000,岡山県,862,38.7,11.3,10,3.8,15.8,13.4,5.3,4.5,20,6.4,11.7,6,62.5,2.9,1.2,3.5,2.4,2.7,4.8,3.9,6.4,2.1,1.5,0.2,0.1,4,3.9,4.5,2.3,4.6,4.2,6.4,46.9,7.1,10.1,3.5,85.4,10.4,13,4.9,25.7,47.5,3.7,4.9,50.8,10.7,2.2,2.1,12.1,1.3,1,4.9,3.2,1.8,9.9,17.7,31.6,35.7,4.4,3.7,2,23.2,2.8,29.5,31,0.3,1,1.5,35.3,16.7,4.3,2.8,22.1,2,3.8,1.3,7,1.9,9.8,2.8,3.7,0.7,1.1,2.2,43.3,36.4,24.1,24,16.4,11.9,0.6,461,101,97,24,155,42,152,4,20,31,22,120,114,12,35,10,2,12,7,20,68,283,453,6:19:00,7:06:00,18:47:00,22:58:00,8:37:00,17:52:00
2_女,R34000,広島県,1271,38,12.3,11.2,4,14.5,12.1,5.5,4.5,16.7,6.5,12.1,7.2,61.3,3.6,1.3,3.8,2.8,1.4,4.8,2.8,7.2,1.6,2.1,0.1,0.1,5,5.4,4.1,1.1,5.7,5.5,6.3,45.3,6.5,11.6,3.7,84.5,19.3,12.3,7.2,31,50.9,4.8,6.6,52,11.3,3.7,2.4,14.4,1.3,1.4,4.6,2.2,2,8.7,15.3,27.3,29.6,5.7,3.9,1.4,23.9,2.7,30.7,32.4,0.3,1,2.6,36.9,17.3,4.8,3.2,17.7,1.9,2.8,0.6,5.1,1.8,7.9,1.7,1.8,0.3,0.8,2.1,48.2,38.7,28.8,28.8,19.3,15.8,0.5,474,91,100,23,143,41,145,5,20,30,21,137,115,11,35,8,2,11,9,19,69,287,464,6:32:00,7:07:00,18:47:00,22:59:00,8:56:00,17:41:00
2_女,R35000,山口県,615,37.1,10.9,9.4,4,12,10.3,4,5.8,17.5,6.5,11.1,5.8,60,2.4,2,5.1,2,1.4,3.5,2.5,5.5,1.1,1.3,0.4,0.1,3.1,5.5,2.5,0.8,4.3,3.7,6.5,43.8,6.2,9.9,3.4,83.3,9.2,9.7,5,22.7,46.2,3.3,4.2,48.1,10.5,2.2,2.1,11.7,1,1.4,4.9,2.9,1.8,10,17,24.6,35,3.5,3.8,1.6,20,2.6,27.6,27.2,0.1,0.4,2.7,33.2,17.9,3,3.2,19.6,2.5,3.4,0.6,5.7,2.4,8.8,1.8,2.7,0.5,0.6,1.1,44.6,37.5,23.6,23.5,17.2,11.5,0.4,470,99,96,20,143,35,153,4,20,34,22,139,111,10,34,9,2,12,7,18,61,282,426,6:21:00,7:08:00,18:38:00,22:48:00,8:40:00,17:14:00
2_女,R36000,徳島県,328,33.5,10.1,9,2.9,12.9,10.9,4.5,4.8,14.9,6.5,9.4,7,56.1,1.9,0.1,3.9,2.6,2,3.9,3.4,4.9,0.9,0.7,0.2,0.1,3.3,3.7,3.4,0.5,4.5,4.1,5.3,42.3,5.5,10.2,2.6,79.9,8.4,7.8,4.7,24,42.6,2.6,3.9,44.2,9.8,2,1.5,9.8,1.2,0.9,4.2,2.8,1.4,9.1,15.5,26.8,35.3,5.3,3.3,1.3,18.2,2.4,27,28.3,0.2,0.9,1.6,34.1,12.8,3.2,2.8,17.3,1.7,2.2,0.9,4.4,2.4,7.5,2,2.3,0.5,0.7,1.8,32.9,27.8,15.6,15.5,10.3,7.4,0.2,466,98,102,19,163,35,145,5,15,32,18,131,115,13,35,9,2,9,9,18,56,302,429,6:20:00,7:07:00,18:42:00,22:49:00,8:16:00,17:37:00
2_女,R37000,香川県,431,34.6,10.1,8.9,3.6,13.2,11.3,4.9,3.8,16.2,5.6,9.6,6.5,57.3,2.1,1.4,4.4,2.4,1.7,4.5,2.7,6.9,1.6,1.1,0.4,0.4,3.6,3.8,5.3,0.5,6.5,5.7,6.1,42.6,9.4,8.6,3.4,82.2,7.9,9.8,5,27.2,46.1,3.9,3.9,49.1,10.4,2.5,2.5,14.3,1.5,1.5,5.8,3.4,1.7,8.9,14.7,26.8,33.1,4,3.9,1.5,21.6,2.4,31.3,31.2,0.2,1.4,2.2,37.3,20.3,3.8,2.6,17.1,1.5,2.7,0.8,5.2,1.6,7.9,2.1,3.5,0.6,0.4,1.9,38.8,32.2,21.2,21.1,14.1,10.1,0.4,471,95,96,20,152,36,145,4,22,35,25,138,112,11,31,8,1,12,7,18,59,282,407,6:27:00,7:03:00,18:37:00,22:51:00,8:17:00,17:13:00
2_女,R38000,愛媛県,617,35.6,11.4,10.2,3.9,13.1,11.7,4.5,3.9,16.6,6.6,9.1,5.7,61.5,1.9,0.8,4.9,2.6,2,4.3,2.4,6.2,1.3,1.1,0.2,0.3,3.6,6.4,4.8,0.9,4,3,6.2,48.5,6.2,11.1,3.8,84,10.5,10.5,5.1,24.6,49,2.4,3.9,49.2,9.7,2.4,2,15.4,1,1.2,4.1,2.3,0.9,7.6,14.9,27.6,36.7,4.5,3,1.2,23,3.4,28.6,30.8,0,0.6,2.8,35.2,14.6,3.2,2.7,19.4,2.2,3.1,1.1,5.5,1.6,8,2.8,3.1,0.2,0.7,2.3,37.9,31.6,18.2,18.2,12.1,9.5,0.1,467,96,99,17,145,34,153,4,17,32,20,146,115,12,35,11,2,12,6,18,52,280,426,6:26:00,7:15:00,18:36:00,22:55:00,8:34:00,16:52:00
2_女,R39000,高知県,318,31,8.9,7.2,3.2,11.3,9.4,3.3,5.5,13.7,6.2,9.6,6.4,54.6,1,0.6,3,1.9,0.7,2.6,2.4,5.4,1.4,0.2,0.1,0.3,2.2,3.1,5.7,1,3.5,2.9,4.9,40.8,5.1,9.4,2.5,81.7,8.4,12.4,4.2,25.3,47.3,2.7,5.4,46.4,9.5,2.4,1.5,12.3,1.7,1.3,3.8,2.1,0.9,9,15,23.6,32.1,3.7,2.9,1.9,20.9,1.9,28.5,30.3,0.7,0.6,4.1,35.4,21.2,5.5,2.7,17.7,1.7,3.1,0.8,4.8,1.4,6.5,2,2.1,0.2,0.4,2.1,39.8,31.2,22,22,14.8,10.5,0.1,476,99,99,20,164,31,141,6,19,30,23,121,117,8,41,10,1,9,8,17,57,298,397,6:31:00,7:12:00,18:43:00,22:44:00,8:53:00,17:46:00
2_女,R40000,福岡県,2371,38.8,13.2,11.4,5,14.9,12,5.9,4.1,18,6.8,11.4,7.9,62.8,3.1,2.2,4.3,3.2,2,3.7,1.7,5.3,2.1,1.2,0.3,0.1,5.4,3.4,3.7,0.5,5.9,6.5,6.7,49.1,7.9,11,3.6,85.5,14.2,12.8,8.5,31.2,52.8,4.2,7.3,54,10.4,3.5,2,15.2,1.7,2.5,4.5,2.2,1.8,9.3,14.9,28,27.1,3.9,4,1.5,25.2,2.5,32.6,34.3,0.2,0.5,3.1,38,21.6,4.7,3.5,18.8,2.4,3.2,1.2,5,1.8,7.9,2.1,4.1,0.6,1.3,2,52.9,42.2,36.8,36.8,28.1,17,0.2,472,90,98,23,149,41,142,5,25,32,25,128,118,10,34,9,2,12,7,17,64,279,450,6:41:00,7:23:00,18:51:00,23:06:00,8:38:00,17:33:00
2_女,R41000,佐賀県,368,36.7,11.7,10.1,4,13.9,12.5,5.2,6,19.2,8,11,7.3,58.2,2.2,1,4.4,2.4,1.7,3.8,3.1,6.6,0.7,3.3,0.3,0.1,3.5,4.3,3.8,0.5,5,3.6,5.8,40.9,6.7,11.6,3.5,81,11.3,11.7,7.2,27.9,43.8,5,5.5,48.3,10.4,2.5,2,11.5,1.6,1.2,5.8,2.4,1.4,9.8,15.2,26.9,32.4,3.9,3.6,1.4,22.3,2.2,25.3,28.6,0.2,1.2,3,33.2,17.8,4.6,1.8,22,1.8,3.9,1.3,6.4,2.2,11.5,3.6,4.6,1.5,0.7,1.5,47.3,41.1,28.6,28.4,22.9,11.8,0.3,470,94,96,24,174,48,137,3,18,29,21,125,110,8,33,10,3,14,9,16,61,310,479,6:32:00,7:16:00,18:53:00,22:55:00,8:37:00,17:32:00
2_女,R42000,長崎県,601,32,8.4,7.8,3.1,13.2,11.9,3.8,5.2,14.9,6.9,9.3,6.3,54.5,1.6,0.6,3.6,1.9,1.2,3.7,1.6,4.7,0.7,1.6,0.2,0.4,2.4,4.8,4.3,0,3.5,1.7,4.7,40.1,6.1,7.1,3.1,79,10,10.3,4.4,21.4,43.3,3.3,4.5,45.1,8.9,2.4,2.7,12.3,1.7,1.4,5.1,1.9,1.2,9,13.7,24.7,30.2,3.8,2.7,1.6,19.5,2.2,27.2,25.6,0.2,0.9,3,30.4,13.5,2.5,2.9,20,1.8,3.4,1.2,6.6,2,9.4,2.5,3.2,0.6,0.7,2.9,38.3,31.5,22.2,22,16.1,9.9,0.3,462,90,101,21,162,39,155,5,18,31,19,131,119,10,33,10,2,10,6,17,62,302,452,6:26:00,7:11:00,18:42:00,22:54:00,8:17:00,17:27:00
2_女,R43000,熊本県,794,35.7,10.5,8.9,3.9,13.3,11.5,4.7,5.2,15.9,5.8,9.9,6.1,61.8,2.2,0.6,4,2.7,2.1,3.6,2.5,5.7,1.8,2.1,0.1,0.1,3.4,5.2,4.4,0.1,4.6,3.8,7.7,46.7,6.9,10.5,4,84.4,11.7,10.4,6.1,30.3,46.5,3.6,6.2,48.8,10.1,1.6,2.2,14.4,1.5,1.2,5.5,2.3,1,9.6,15.5,26,34.1,4.6,3.4,1,23.7,2,27.4,30.5,0.2,1.1,4.1,34.7,17.9,5.3,2.7,19.3,2,3.6,1.4,5.9,1.3,9,2.3,4.4,2.2,0.8,1.8,50.9,42.4,30.1,30,22.3,13.4,0.3,469,88,100,22,152,41,147,5,18,31,21,135,116,10,32,10,1,11,10,20,66,297,428,6:26:00,7:15:00,18:45:00,22:51:00,8:43:00,17:43:00
2_女,R44000,大分県,512,33.6,8.5,7,3.3,11.9,10,3.6,4.2,15.2,5.1,9.6,6.9,58.8,2.6,0.5,3.7,1.7,1.1,4.2,2.5,5.7,1.2,1.9,0.1,0.1,3,2.5,3.5,0.2,4.3,3.6,5.2,44.2,6.8,10.2,3.2,81.1,12.7,14.8,6.6,26.2,45.1,4.4,5.3,48.6,8,3,1.5,11.5,1.1,0.8,4.5,2,1.1,8.2,12.6,26,32,3.5,4,1.7,20.7,1.5,27.3,27.7,0.1,0.4,2.3,31.4,17.7,3.3,2,19,2.4,2.7,0.7,5,2.2,7.5,2.8,2.1,0.5,0.6,2.5,46,39.5,25,24.9,16.9,13.8,0.2,470,94,100,21,153,39,147,3,16,33,23,135,117,8,35,11,2,10,8,14,61,294,476,6:19:00,7:11:00,18:42:00,22:50:00,8:18:00,17:04:00
2_女,R45000,宮崎県,488,32.3,9.5,7.5,3.8,11.9,10.5,3.6,4.2,13.6,5,8,7.7,62.8,2.2,1.1,6.2,3.4,2.2,3,2.8,7,2.7,2.8,0.3,0.5,4,4.5,4.5,0.7,3.9,2.8,7,47.1,6.9,9.6,4.1,80.5,11,11.7,5.6,21.5,43.7,5.3,5.3,48.5,10.2,2.9,2.6,13.3,1.7,0.9,4.7,2.7,1.1,8.8,12.2,24.5,32.8,5.5,3.8,2,21.5,2,26.9,27,0.4,0.9,3.3,33,14.7,4.3,2.5,19.6,1.6,3.9,1.4,6.9,2.8,7.4,2.2,3.6,0.9,0.6,2,43.8,37.6,22.5,22.5,14.8,12.3,0.2,473,93,100,19,168,42,147,3,14,32,21,130,113,8,26,10,2,13,7,19,53,307,525,6:18:00,7:06:00,18:43:00,22:42:00,8:24:00,17:05:00
2_女,R46000,鹿児島県,725,36,11.7,10.6,3.4,13.5,11.2,4.4,4.8,17.7,6.2,10.2,7,60.9,3,1.4,6.1,3.1,2.9,3.7,3.5,7.5,2,4.5,0.3,0.4,4.9,4.8,5.9,0.1,5.3,4.7,8.1,48.1,6.7,9.5,3,80.6,10,10.1,4.9,25,45.8,3.4,5.8,47.1,11.2,2.8,2.1,15.2,2.2,1.3,5.5,2.1,0.7,9.4,15,26.9,33.2,4.8,3.5,2,22.1,2.7,29.6,29.7,0.2,1.2,4.4,32.3,17.2,6.8,2.6,20.6,1.9,3.9,0.9,7,2.5,8.8,3.5,4,0.5,0.5,2,43,35.1,24.3,24.3,16.5,12,0.2,479,90,105,20,153,41,146,5,17,30,22,130,107,11,31,9,1,12,12,17,60,298,481,6:28:00,7:11:00,18:53:00,22:46:00,8:34:00,17:16:00
2_女,R47000,沖縄県,643,38.4,16.3,14.9,4.5,16.9,14.9,5.3,3.2,14.3,8,9.3,9.5,63.1,1.9,0.6,5.4,3.8,1.9,3.1,2.6,5.6,2,2.3,0.1,0.1,4.3,5.1,4.6,0.1,2.7,2.8,8.6,47,9.1,11.4,3.7,78.8,11.4,7.2,4.2,25.3,49.8,2.7,2.8,52.3,11.6,6.5,1,14.8,1.8,1.3,3.9,1.1,0.8,8.2,12.6,25.8,22.8,5.2,3.5,1.2,20.6,2,27.8,30.9,0.2,1,1.4,34.9,18,3.9,2,16.9,1.8,2.1,0.9,5.7,1.1,5.8,1.3,3.2,0.5,0.9,2.9,34.8,25.9,19.3,19.1,13.7,8.1,0.4,478,83,95,25,164,45,135,5,35,33,20,123,108,11,27,13,1,11,7,20,59,288,407,6:32:00,7:21:00,19:02:00,23:02:00,8:53:00,17:31:00