Region_Code,Prefecture,Total_Population,Japanese_Population,Population_Under_15,Population_15_to_64,Population_65_and_Over,Foreign_Population,Number_of_Births,Total_Fertility_Rate,Number_of_Deaths,In_Migrants_Japanese,Out_Migrants_Japanese,Number_of_Private_Households,Private_Household_Members,One_Person_Households,Number_of_Marriages,Number_of_Divorces,Total_Area_sq_km,Habitable_Area_sq_km,Natural_Park_Area_sq_km,Gross_Prefectural_Product_2015_base,Prefectural_Income_2015_base,Per_Capita_Prefectural_Income_2015_base,Number_of_Establishments_Private,Establishments_Construction_Private,Establishments_Manufacturing_Private,Establishments_Information_and_Communications_Private,Establishments_Wholesale_and_Retail_Private,Establishments_Accommodation_and_Food_Services_Private,Establishments_Living_related_and_Amusement_Services_Private,Establishments_Medical_and_Welfare_Private,Number_of_Employees_Private,Employees_Construction_Private,Employees_Manufacturing_Private,Employees_Information_and_Communications_Private,Employees_Wholesale_and_Retail_Private,Employees_Accommodation_and_Food_Services_Private,Employees_Living_related_and_Amusement_Services_Private,Employees_Medical_and_Welfare_Private,Commercial_Farm_Households,Non_commercial_Farm_Households,Cultivated_Land_Area,Number_of_Hotels_and_Ryokans,Number_of_Guest_Rooms,Number_of_Kindergartens,Kindergarten_Enrollment,Number_of_Elementary_Schools,Elementary_School_Pupils,Number_of_Junior_High_Schools,Junior_High_School_Students,Number_of_Compulsory_Education_Schools,Students_in_Early_Grades_Compulsory_Ed,Students_in_Later_Grades_Compulsory_Ed,Number_of_Senior_High_Schools,Senior_High_School_Students,Number_of_Junior_Colleges,Number_of_Universities,Junior_College_Students,University_Students,Number_of_Community_Centers,Number_of_Libraries,Number_of_Museums,Number_of_Theaters_and_Concert_Halls,Public_Sports_Facilities,Private_Sports_Facilities,Number_of_Cinemas,Number_of_Passports_Issued,Total_Overnight_Guests,Total_Foreign_Overnight_Guests,Total_Dwellings,Vacant_Dwellings,Owned_Dwellings,Detached_Houses,Floor_Area_per_Dwelling_sq_m,Total_Population_Sewage,Population_without_Flush_Toilets,Total_Waste_Discharge_t,Waste_Discharge_per_Person_per_Day_g,Recycling_Rate_pct,Number_of_Retail_Stores,Number_of_Restaurants,Number_of_Large_Scale_Retail_Stores,Number_of_General_Hospitals,Number_of_General_Clinics,Number_of_Dental_Clinics,Number_of_Physicians,Number_of_Dentists,Number_of_Pharmacists,Number_of_Daycare_Centers,Children_in_Daycare,Consumer_Expenditure_Two_or_more_person_households,Food_Expenses_Two_or_more_person_households,Housing_Expenses_Two_or_more_person_households,Culture_and_Recreation_Expenses_Two_or_more_person_households
R00000,全国,124352000,121193000,14173000,73952000,36227000,2402460,770759,1.26,1569050,2229186,2229186,55704949,123162995,21151042,504930,179099,37297153,12294940,5604631,558778326,393960086,3123,5156063,485135,412617,76559,1228920,599058,434209,462531,57949915,3737415,8803643,1986839,11611924,4678739,2176139,8162398,1027892,719187,4297000,50321,1770752,8837,841824,18980,6049685,9944,3177508,207,50595,25450,4791,2918501,303,810,83585,2632775,13163,3394,1305,1832,45658,29821,575,3401533,499904310,95027710,65046700,9001600,33875500,29319400,91.66,125634343,4900687,40344086,880,19.6,872699,496217,18410,7100,105182,67755,343275,105267,323690,30356,2599190,293997,81738,18006,28630
R01000,北海道,5092000,5041000,514000,2897000,1681000,34321,26407,1.12,74437,47388,52915,2469063,5032739,999825,18665,8398,7841840,2268995,880179,19725624,14011490,2682,216124,21256,10246,2544,51407,27724,18627,19946,2165390,183261,187396,44321,456909,186116,85622,352552,32232,5362,1141000,2942,123430,331,29964,950,221397,563,119115,26,2240,1347,270,109290,14,37,3137,79983,364,165,66,74,3728,1151,19,77666,32783470,6184810,2888500,451900,1381200,1258400,91.71,5154673,263300,1763487,937,22.9,36512,22170,822,465,3436,2784,13613,4302,11625,1099,79262,296888,74341,26730,25661
R02000,青森県,1184000,1177000,118000,649000,417000,5409,5985,1.24,20117,15226,20792,509649,1191534,168917,3656,1664,964510,325268,114187,4456607,3259418,2633,55113,5642,2695,390,14097,6755,5978,5112,498418,50709,60863,6018,106856,36321,21542,77912,28062,8403,148400,580,19340,85,3404,249,52437,153,28541,0,0,0,63,28286,5,10,885,15121,242,35,5,21,697,178,7,9922,3880720,255240,590300,98800,349100,368000,120.65,1229378,144254,444849,991,14.0,10663,5570,169,73,859,493,2795,715,2373,472,29676,263371,77899,14433,20630
R03000,岩手県,1163000,1154000,120000,636000,407000,6937,5788,1.21,19342,14903,19690,490828,1174106,163290,3508,1492,1527504,375140,72242,4747426,3227228,2666,54598,5292,3483,433,13678,6058,5450,4971,518167,48016,90009,5521,104817,36772,20788,75788,33861,18827,147100,774,21665,64,3294,271,52972,149,29109,1,400,204,79,28501,4,6,663,10909,174,47,21,27,867,167,8,10931,4980740,262880,579400,100400,334900,344000,118.54,1193904,240778,392513,901,16.8,10434,4769,195,77,889,548,2758,965,2572,391,27461,298536,81997,18598,28499
R04000,宮城県,2264000,2239000,250000,1352000,662000,19453,12852,1.09,28040,42940,43957,980549,2251390,362255,8431,3046,728229,318594,171201,9485225,6452135,2803,95305,10458,5087,1145,25004,10306,8298,8116,1031186,96921,121586,21406,224589,78542,37880,134033,28632,12877,124400,704,34267,208,19248,361,108637,200,57116,4,1094,544,96,53555,5,14,2620,48747,434,35,17,42,844,449,11,36253,9178210,514580,1129200,140300,590100,543200,96.82,2259368,182642,801656,972,15.0,16668,8384,375,108,1749,1054,6140,1921,5570,515,38360,305541,83835,21914,27380
R05000,秋田県,914000,909000,83000,474000,357000,3651,3992,1.18,17256,10002,13177,383531,923812,117169,2447,1068,1163752,323329,123801,3530452,2478173,2583,44883,4857,3127,282,11368,4976,5265,3851,398671,37900,64599,3374,82750,28088,16828,68859,27780,9336,146000,507,15117,32,1715,174,36478,104,20725,3,246,161,52,20438,4,7,537,8664,315,49,11,22,857,197,4,7526,2606890,78510,440600,69500,284800,293200,132.33,942051,156600,340603,991,14.1,8797,3908,156,49,817,424,2438,600,2055,268,21624,272086,78124,11954,23175
R06000,山形県,1026000,1018000,109000,556000,361000,7149,5674,1.32,16883,11436,15626,396792,1035323,112791,3184,1197,932315,287329,155510,4284158,3036349,2843,52141,5740,4515,336,12793,6030,5599,4190,465796,40469,103624,3635,90446,34332,18647,67668,26796,12832,113500,757,19570,55,4352,223,46867,94,25805,3,783,408,60,26060,3,7,892,11642,424,40,16,23,648,249,10,12281,3833000,137670,455400,61700,293600,297900,134.44,1041881,56710,345727,909,13.6,9955,4798,148,53,903,468,2625,691,2174,302,24018,322992,84105,20613,26661
R07000,福島県,1767000,1751000,190000,990000,586000,12868,9709,1.27,27394,21554,28480,740089,1788951,245335,6088,2561,1378439,423098,180002,7828577,5192935,2833,81677,9987,6379,551,19975,9016,7614,6503,802365,79386,164260,6845,154620,60435,29887,108365,41060,21613,134500,1438,41820,207,13499,390,83340,212,44224,7,914,460,97,42668,5,8,1397,14575,361,71,13,35,1268,375,7,21327,7508940,179180,862900,131000,496500,512900,113.33,1837441,133062,684886,1021,12.8,15210,6697,257,101,1390,834,4096,1398,3791,391,33563,307186,78984,22159,28081
R08000,茨城県,2825000,2744000,312000,1647000,865000,57819,15905,1.27,37256,46596,47776,1181598,2802960,385760,10163,3900,609756,388892,90896,13771281,8882258,3098,108602,14004,9826,846,26387,11100,10426,8121,1237104,84040,279017,19466,225563,81979,50919,156690,43920,27841,159400,893,28957,196,16261,449,130570,224,70048,15,7274,2979,119,68813,3,11,556,27310,227,67,25,37,1158,706,11,58927,6628220,207150,1390900,196200,823500,832100,105.11,2879686,190024,996609,948,21.0,19962,9210,447,153,1775,1364,6029,1918,6709,629,56911,307817,75270,18701,28065
R09000,栃木県,1897000,1848000,210000,1114000,573000,37408,10518,1.24,24992,29890,32447,795449,1891685,261757,7154,2658,640809,300506,133443,8946482,6054511,3132,80062,8776,8064,519,19572,9099,7365,6420,870819,54688,211289,7421,159007,68355,37472,111665,31993,14209,120700,1398,36821,74,7783,336,90969,156,49295,6,1626,820,76,47409,6,9,1306,20604,183,55,25,27,931,569,8,34410,9094410,294150,971000,163700,554700,571100,106.04,1932026,102731,630025,893,15.4,14556,7302,286,91,1480,959,4949,1373,4376,439,39031,325226,87797,17432,32045
R10000,群馬県,1902000,1831000,210000,1103000,589000,53432,10688,1.32,26589,26879,29093,803215,1884909,260100,6704,2765,636228,226902,88868,8653495,5695425,2937,85003,9424,9737,598,19722,8884,7576,7170,895790,56301,225230,8619,164361,62191,33022,121602,19405,22870,63800,1144,29738,111,6740,303,89890,160,48968,3,553,309,77,45978,7,15,1351,28226,218,56,26,43,1174,538,8,34176,7986600,276670,967400,161300,570200,589200,107.89,1934299,72569,681816,966,13.9,14620,7124,292,114,1582,976,4657,1344,4157,468,45462,283599,76203,17966,27095
R11000,埼玉県,7331000,7113000,831000,4489000,2012000,161439,43451,1.17,82221,160736,142886,3157627,7204956,1072139,28823,10259,379775,260309,124582,22922645,21228355,2890,230278,25560,23810,2173,51720,23094,20345,21744,2602009,167346,453626,24759,531109,205396,102685,391310,27588,18875,73000,691,26454,491,69597,803,355456,446,185034,2,339,179,191,160362,11,28,3238,107671,490,174,26,76,1759,1774,28,199820,4595620,156660,3555100,330400,2086700,1729600,86.57,7385730,70954,2223988,825,24.4,37407,19792,1008,296,4495,3542,13661,5410,16729,1514,125112,344092,93279,13823,34358
R12000,千葉県,6257000,6081000,703000,3798000,1756000,142177,36966,1.18,72258,140104,123729,2767661,6166145,1003440,24824,8605,515672,353301,28537,20775634,18774890,2988,182689,20004,10411,1960,42852,20661,17538,18106,2151386,146352,237440,30444,446932,191703,118788,335058,34261,16565,120300,1234,59805,451,56945,756,299819,388,155991,4,1115,724,181,136735,8,27,2781,107835,283,144,44,52,1510,1617,25,189343,25148140,3130630,3191100,394100,1799500,1463400,88.02,6312610,108361,1996669,867,22.6,31959,17137,880,256,3939,3241,13521,4953,14746,1329,102287,306943,89043,18625,31683
R13000,東京都,14086000,13448000,1513000,9368000,3205000,483372,91097,1.04,139264,406749,348260,7216650,13839178,3625810,75179,19255,219993,142868,79895,109601589,73249471,5214,628239,41348,38766,28503,141055,76127,43692,52683,9592059,484543,561902,1085934,1968705,735786,318875,912794,4606,4961,6190,3774,205381,959,110422,1323,623631,800,314459,8,5478,2927,429,299865,34,144,7720,681667,80,401,113,132,2229,3937,85,708608,80273650,34378530,8201400,896500,3235200,1900500,64.02,13847562,13311,4150715,821,23.9,86800,66547,2226,581,14689,10696,48578,16890,53527,3615,275851,341320,97776,26457,40393
R14000,神奈川県,9229000,8970000,1031000,5808000,2390000,195535,56498,1.17,98821,211257,189169,4210122,9059878,1650991,40191,12797,241632,147405,55138,33905464,27354352,2961,285325,28997,17326,4888,61012,32933,22950,31373,3525744,208570,438054,126045,673439,311021,134781,566526,10479,10811,17800,1299,57172,608,82798,881,439962,471,223823,5,1815,773,228,191661,12,33,4052,175187,161,85,51,71,1585,2105,27,348642,20134930,2424400,4765000,467100,2507900,1740300,76.51,9218311,20613,2694614,801,24.4,45290,27988,1246,291,7093,4983,21421,7314,23718,2053,162670,306565,87320,11639,36781
R15000,新潟県,2126000,2107000,228000,1179000,720000,15028,11732,1.27,32313,20023,26184,862796,2141206,266182,6823,2415,1258388,455009,316891,8857506,6128271,2784,103861,12326,10138,813,25467,11332,9818,7797,1004621,94206,196131,12149,203321,74052,38979,135383,41751,20805,167200,1952,44240,64,2961,436,99137,230,52334,1,523,254,101,49151,5,22,1237,28173,357,79,37,48,1410,436,10,26684,7432330,274890,1015200,155300,629900,629100,130.13,2167525,86679,786618,994,19.9,18729,8557,333,100,1685,1117,4894,2002,4563,714,59330,301215,82712,24071,25310
R16000,富山県,1007000,987000,108000,566000,333000,16326,6022,1.46,15052,11588,13556,403007,1007734,119523,3496,1074,424754,184223,125554,4729874,3228647,3120,48987,5420,4702,442,12270,4886,4426,3684,508283,38526,131286,7665,91281,33986,17872,61144,11323,5991,57800,374,16278,27,1502,178,46089,76,25068,3,252,158,49,24689,2,5,934,10981,268,56,37,25,653,230,5,16849,3228130,214550,473900,69700,301100,297300,140.01,1030588,27158,384214,1021,21.5,9082,3960,135,87,758,439,2889,635,2932,297,28821,327503,86794,19413,25900
R17000,石川県,1109000,1091000,128000,643000,338000,13685,7075,1.38,14316,16107,18348,468835,1097311,162531,4214,1255,418620,139463,52564,4527743,3137513,2770,56437,5808,6328,597,13686,6452,4701,3969,543315,38327,108811,10892,111987,47737,20299,67835,9263,6611,40100,733,29635,43,3578,202,55181,90,29094,3,172,99,56,28988,4,14,1126,27701,290,41,31,28,715,268,6,23334,7970020,932860,554000,86400,315000,318800,121.60,1118773,22971,371877,911,14.4,9730,5208,156,78,886,479,3390,734,2853,346,33485,306536,86611,14674,31999
R18000,福井県,744000,729000,89000,421000,235000,13796,4861,1.50,10519,8135,10742,290692,746456,86282,2815,850,419054,107730,61912,3571069,2440488,3182,39859,4521,4746,341,9510,4759,3366,2586,373974,31696,80836,5157,69965,29487,12821,47484,9777,6281,39600,900,15524,60,857,191,37597,80,20549,1,391,317,32,20350,1,6,392,9932,206,37,22,19,482,128,4,14624,2586240,55840,341400,53100,210600,214300,136.71,761667,28263,254970,917,13.0,6992,3619,111,57,573,300,2132,446,1500,289,24337,276690,75825,13596,25844
R19000,山梨県,796000,776000,87000,456000,253000,13993,4759,1.40,11090,12998,13814,338057,789586,110192,2875,1128,446527,95310,121207,3552685,2415384,2982,40814,4170,4091,336,9216,5663,3469,3048,366260,24637,77913,4621,69692,36785,16093,48887,14178,13808,23100,1330,27303,54,3241,176,37448,92,20231,0,0,0,40,21471,3,7,811,15850,284,53,21,22,588,219,4,16874,6010700,1146270,427000,87200,231100,242100,109.27,813723,30331,282526,951,15.8,6976,4080,141,52,752,429,2148,600,1861,233,18339,297715,78204,17630,25664
R20000,長野県,2004000,1965000,228000,1120000,655000,31491,12143,1.43,28503,26807,28391,829979,1998549,257508,7288,2559,1356156,324893,277994,8214074,5710416,2788,99571,10675,9766,949,22746,13597,8188,7411,929898,63789,215969,12599,174971,82961,35431,126732,40510,49276,104400,2557,63260,91,7888,359,98334,193,52811,6,613,321,99,50607,8,11,1947,17295,1789,120,83,47,1828,470,16,35811,13414630,1064660,1039600,208500,591500,605000,119.48,2045500,104886,598783,802,22.0,17067,9345,344,110,1606,991,5290,1654,4667,562,47111,313991,79401,15655,31189
R21000,岐阜県,1931000,1868000,224000,1104000,603000,48979,11124,1.36,26175,24559,29781,779029,1937236,228715,6525,2565,1062129,221063,195093,7662998,5688594,2875,92210,9708,12132,559,21788,10697,7758,7286,884667,60279,219331,6612,169131,72424,35466,117310,19924,29012,54400,1073,26194,145,16164,351,96495,181,52631,6,1832,974,82,48480,11,13,2978,19813,281,72,23,46,1083,627,6,41195,5019310,647670,924100,148400,567700,571000,120.25,1947992,77128,610529,859,16.9,16086,8902,242,85,1636,949,4630,1717,4108,415,36543,320779,76644,12770,25924
R22000,静岡県,3555000,3449000,404000,2050000,1101000,86046,20575,1.33,47334,48516,55276,1480969,3551043,472201,13127,4957,777707,277443,84045,17105232,11298478,3110,161789,16470,17620,1387,38644,18752,14040,12538,1730955,102701,441001,20605,315878,142314,62865,204400,24426,26310,59400,2571,68611,328,24401,493,175775,290,95770,1,71,44,136,88766,5,14,1631,33336,50,96,43,53,1267,908,17,77589,18063770,903850,1774100,296300,989600,964200,103.26,3639490,62514,1115285,840,18.4,28140,15115,568,139,2761,1743,8535,2371,8403,693,65191,300652,85135,19678,28942
R23000,愛知県,7477000,7195000,927000,4627000,1923000,231369,51152,1.35,81183,104565,107208,3233126,7412091,1175221,33434,11061,517309,299578,88881,39659291,25857505,3428,299232,27164,32549,3873,70359,33907,23871,24849,3818542,217282,908754,89548,734065,291069,133282,413770,25906,35149,72500,1214,68158,390,57300,967,395820,434,207714,2,283,149,221,181249,18,52,4758,177582,327,97,43,81,1735,1764,29,223635,17210700,1919760,3664700,433000,1913500,1638000,94.49,7516070,92991,2371103,864,22.2,46122,29431,1094,281,5617,3703,18516,6063,16239,1582,156689,300221,88312,13435,30824
R24000,三重県,1727000,1669000,198000,999000,529000,44721,10489,1.40,23341,23783,29504,741183,1728038,244698,6443,2481,577448,206414,208477,8273134,5219509,2948,72261,7422,6789,469,17456,8007,6125,5977,798103,46857,207911,5707,142069,63978,30097,107481,18062,15468,56400,1284,30450,150,10149,363,86500,167,46472,1,140,96,70,42567,4,7,1319,13609,312,47,21,35,624,439,10,36837,6288320,162090,873500,142700,526100,526400,110.44,1772560,83131,595589,921,19.7,13337,6361,250,81,1526,805,4395,1138,3607,426,38489,332663,81408,20307,33346
R25000,滋賀県,1407000,1367000,182000,844000,380000,28704,9766,1.43,15043,25545,26222,570529,1391113,182011,5642,1836,401738,129957,149957,6739736,4378638,3097,53748,5472,5143,384,12061,5291,4357,4733,617826,30556,165973,3748,110072,48564,21722,80398,13807,8164,50000,492,15053,121,8521,219,78073,103,40845,2,295,170,56,35868,3,9,714,32099,78,51,15,35,548,347,8,38901,4010950,258650,664200,81600,410400,382900,113.04,1414582,37482,407605,789,16.1,9361,4211,229,51,1145,564,3575,828,3359,337,34119,305586,83265,13467,30228
R26000,京都府,2535000,2465000,275000,1507000,753000,52442,15068,1.18,31491,51833,55653,1188903,2523758,489815,9571,3514,461220,117729,94896,10167991,7077197,2745,110564,8588,11992,1223,26212,13840,8422,9299,1148970,52159,180810,19435,239889,115266,41805,176055,13616,11337,29400,978,49952,189,17204,365,116346,188,63604,10,3016,1473,105,65266,9,34,2548,146710,144,68,38,33,638,592,13,84178,26464250,9950040,1372200,180400,717700,635300,85.20,2565281,68793,721419,770,14.7,19321,11460,403,149,2496,1281,9067,1965,6806,512,53838,314636,85900,23779,29737
R27000,大阪府,8763000,8488000,984000,5355000,2424000,208681,57315,1.22,106277,159522,146451,4126995,8659723,1727107,40362,14462,190534,133407,20039,39720316,25007562,2830,384332,27254,38943,6909,90008,44729,27032,38092,4528208,242668,593281,182399,970064,362394,152666,648267,7413,13400,12000,1572,122729,520,62788,983,410467,513,217213,10,4547,2131,254,198941,21,58,6908,232937,197,155,38,69,1194,2012,36,296496,44005760,15669930,4928600,701900,2285500,1671500,75.53,8810995,97602,2891792,899,13.0,54764,39358,1355,467,8821,5468,26518,7954,27586,1595,163302,271246,85042,20861,25851
R28000,兵庫県,5370000,5247000,629000,3132000,1609000,87280,33565,1.31,66541,82910,89914,2399358,5355504,862511,20844,7902,840095,276947,166081,21735871,15775060,2887,203113,16634,16573,1800,47973,25617,16729,20248,2221469,110274,401351,26824,436975,194110,85553,352550,37025,30099,72000,1433,46953,428,35056,737,270738,375,140958,8,2672,1348,205,123589,15,35,4264,114154,280,107,36,62,1118,1517,24,165023,12940710,908310,2798000,386900,1545000,1189600,92.27,5461580,74808,1743413,875,15.2,35621,21971,815,314,5218,2960,15602,4145,15594,1113,105663,279880,85960,16138,29444
R29000,奈良県,1296000,1279000,145000,728000,423000,11505,7315,1.25,17166,22010,24022,543908,1292985,159204,4205,1780,369094,85389,63328,3685868,3312742,2501,45583,3574,4228,334,10853,4649,3872,4764,444916,21134,70496,2278,92250,39555,20017,90110,10616,11334,19000,407,10209,133,8436,188,62281,107,34054,8,1803,683,51,31118,3,10,1223,19240,348,33,22,31,489,320,6,36534,2119760,218740,639500,93600,397300,366400,109.72,1326195,50398,416988,861,15.7,8658,3753,184,71,1225,682,3868,949,3219,223,24389,313833,85274,11799,30883
R30000,和歌山県,892000,884000,99000,488000,305000,6029,5238,1.39,14308,10787,13316,393489,896425,127908,3193,1386,472469,112339,60296,3625091,2538381,2751,45309,4235,3526,268,11385,5221,3959,4361,378695,24952,60800,2870,77638,33631,14645,67999,17250,8013,31000,649,16922,63,3695,240,42164,126,23002,1,542,207,47,22311,1,5,278,8601,251,27,13,19,442,162,5,16762,3684370,246540,495600,105300,285200,288100,107.00,926004,136969,310199,918,12.4,8842,4192,137,75,1030,520,3010,698,2346,192,19912,259437,74738,15699,22743
R31000,鳥取県,537000,532000,65000,294000,179000,4310,3752,1.60,8031,7578,9466,219069,535393,70641,1981,763,350703,90422,49061,1819938,1280301,2313,24242,2217,1467,234,6116,2887,2398,2253,230055,17467,34804,3171,46014,19494,8809,41538,13911,9195,33000,329,9730,18,1514,114,27232,56,13904,6,669,308,32,13868,1,3,517,6769,173,30,7,13,495,105,2,7863,1878060,57500,262300,41300,152700,157700,120.36,547753,29983,197867,990,28.3,4688,2280,69,39,485,258,1878,383,1243,187,16514,272599,73150,12297,26546
R32000,島根県,650000,640000,77000,346000,227000,8230,4161,1.57,10434,9318,11258,268462,645246,89036,2167,813,670761,127081,40240,2575687,1857670,2768,32637,3390,2099,252,8218,3271,3021,2950,296596,26155,44821,3371,57786,20706,10499,53421,14397,12789,35800,378,11074,76,2002,196,32449,95,16609,3,1046,629,47,16854,1,2,263,7283,156,41,21,20,524,89,3,7636,2863760,46930,320300,54600,183600,186200,122.41,659863,98740,222774,925,19.8,6354,2536,82,37,707,251,2153,398,1451,297,20644,294837,76446,15875,24889
R33000,岡山県,1847000,1814000,220000,1054000,573000,25116,12371,1.39,24901,25298,29568,799611,1836335,284926,7399,2787,711460,222854,80664,7606440,5033198,2665,78646,8253,6376,713,19505,7637,6744,6999,838870,59984,163799,11395,160365,58112,27847,134774,27937,22798,62000,664,21300,199,9934,375,94614,163,49563,2,314,187,86,47875,8,18,1938,37991,394,70,33,39,792,405,7,34375,4634900,285440,955400,157200,521000,522800,104.34,1866595,173636,612305,899,23.5,14312,6223,285,143,1608,995,6271,1764,4245,456,44721,300973,81556,13911,29238
R34000,広島県,2738000,2682000,331000,1582000,825000,47733,17903,1.40,34940,40561,47957,1241204,2725202,462961,10883,3962,847894,229802,37857,11555366,8312168,2969,122155,11370,9429,1264,30092,13344,10200,10739,1303624,87579,230685,23310,269673,92954,46624,192952,20861,24474,50900,729,32275,208,16632,463,141948,261,74909,7,1515,850,128,66888,4,21,1279,54229,242,86,30,47,1039,569,15,55849,9615410,944830,1465500,231400,760900,676500,93.15,2775311,195873,874064,863,20.5,20747,11417,453,201,2537,1502,7870,2508,7324,698,60603,305373,83473,27143,26681
R35000,山口県,1298000,1279000,143000,696000,459000,14378,7762,1.47,20687,20183,24397,597309,1293822,218208,4593,1757,611261,171523,42971,6148146,3973132,2960,56452,5961,3241,435,14589,5986,5148,5213,574259,44055,100988,4962,114931,43587,21495,100082,14837,12501,43200,598,17963,155,11583,296,61935,160,33333,0,0,0,75,29697,5,10,809,18247,160,55,24,36,714,303,6,22088,3222390,85670,726400,140700,390500,388300,101.68,1328585,87883,467761,965,22.7,11222,4797,192,112,1224,641,3737,951,3524,301,23104,286970,76261,18111,27750
R36000,徳島県,695000,688000,74000,376000,246000,5033,4148,1.42,10968,8397,10744,307358,693391,109570,2375,1008,414699,101628,38706,3185168,2167982,3013,34119,3226,2327,249,8413,3903,3177,3154,304530,20972,52660,3061,58794,23425,11499,58082,14059,11060,27500,454,9610,85,3906,184,33085,89,17116,0,0,0,36,15854,3,4,570,11510,318,29,11,13,347,135,1,11271,1701790,90220,389200,83000,206300,210500,110.25,718962,43559,247038,941,16.2,6508,3088,79,91,703,422,2478,833,2595,213,16038,301013,74957,18894,29700
R37000,香川県,926000,910000,107000,517000,301000,10854,5802,1.45,13552,14730,16782,406062,920852,139818,3435,1472,187687,100503,20534,3734443,2628812,2766,44943,4261,3783,405,11378,4877,3690,3512,431667,31485,77328,6391,89793,33326,15986,60732,15942,13280,28500,332,13681,108,6823,160,47498,75,25113,0,0,0,40,23658,3,4,671,8971,153,30,15,14,474,211,5,16288,3555390,354670,492800,91500,276800,265300,108.96,958366,59947,295408,844,19.3,7957,4033,163,76,853,473,2846,703,2429,223,21738,286800,77148,14542,26394
R38000,愛媛県,1291000,1277000,143000,707000,441000,11159,7572,1.39,19993,16080,20205,599941,1295030,224773,4477,1928,567592,166574,41121,4827460,3297907,2471,59710,5925,4529,510,15214,6546,5405,5302,562714,42054,91837,8486,114243,43558,21581,95810,20639,14355,44300,425,17314,114,8481,279,63576,131,32779,0,0,0,65,30435,5,5,810,16850,433,44,25,27,650,256,9,19930,3556280,173480,736800,145600,381300,386600,100.11,1329990,102315,427021,880,16.0,11195,5383,197,121,1193,646,3888,919,3186,311,24227,223423,71088,17608,18615
R39000,高知県,666000,660000,70000,355000,242000,4220,3721,1.36,11472,8278,10309,314330,663963,122867,2189,1065,710228,115994,47504,2354276,1722911,2491,33064,2894,2090,252,8753,4751,3208,2905,275477,22182,27621,3594,60566,26944,11377,56449,12173,7751,25500,345,10350,36,2137,222,30103,122,16288,4,221,126,43,16462,1,5,418,9475,197,40,17,14,381,106,2,9211,2358440,77860,388100,78700,202900,209500,96.12,685824,88809,238412,952,20.1,6840,3785,103,108,528,346,2346,459,1792,245,18419,294877,80091,20254,26740
R40000,福岡県,5103000,5011000,644000,3007000,1452000,66699,35970,1.33,61302,97425,88783,2318479,4986247,942993,21840,8444,498765,276452,88101,18886929,13504933,2630,210530,19769,11417,3180,54567,24756,17527,21144,2309989,157435,250689,63139,484405,195226,83225,394940,27187,14164,78400,1157,64194,407,47629,714,274421,353,140707,8,1984,1031,163,123387,18,35,5404,108785,296,114,30,76,1284,1185,23,151000,18589500,4630330,2703300,335300,1238700,1007500,83.46,5156230,336894,1728247,918,21.8,37018,20975,700,390,4801,3074,16722,5703,12796,1065,116208,309000,80319,21148,30359
R41000,佐賀県,795000,786000,103000,440000,252000,5940,5552,1.53,11204,14481,15957,311173,781601,94280,2951,1041,244068,133458,26884,3045909,2089822,2575,35815,3376,2666,236,9320,4172,3080,3464,360756,26655,66085,3478,68287,28061,13175,67063,13293,5352,49900,338,9522,46,2926,163,42834,91,23136,6,1464,803,44,21997,3,2,738,7694,115,31,13,15,491,156,3,15820,2033030,142320,367900,53300,211800,214000,113.23,807770,123815,256459,870,18.8,7148,3435,88,82,702,399,2430,619,2013,263,23767,274861,74932,18473,22570
R42000,長崎県,1267000,1254000,153000,679000,435000,8316,8364,1.57,19309,20012,26369,556130,1259784,191470,4410,1751,413105,166804,74091,4538708,3258910,2483,58382,5502,3556,390,15456,6899,5345,6058,525985,40658,62362,5423,107763,44188,20518,111684,17329,10953,45200,623,22055,96,6613,318,66615,184,35119,2,31,16,79,33330,2,8,733,16686,150,40,16,37,817,174,4,21917,5854990,356020,655000,113000,348100,344600,97.95,1304929,238901,453706,953,16.0,11948,5501,169,119,1336,703,4424,1232,2950,490,36376,262243,76604,19933,18374
R43000,熊本県,1709000,1685000,219000,938000,552000,14591,11875,1.52,24427,26844,28286,716740,1678793,242940,6349,2482,740918,274668,155636,6105086,4341641,2498,72744,7351,3978,572,18834,8033,6590,7063,716508,53546,97524,8026,145168,58622,27690,142823,32529,15350,104300,998,28709,97,7057,330,94258,170,48877,3,193,96,73,43286,2,9,588,24140,315,52,19,35,907,300,10,34355,6738620,892190,851100,127100,451200,448800,98.72,1738157,131383,547102,862,19.8,14326,6339,172,165,1481,832,5428,1367,3983,623,53101,294537,79939,18740,27571
R44000,大分県,1096000,1079000,127000,594000,375000,10168,6798,1.49,16266,16852,19338,487679,1082266,175329,4037,1635,634070,179505,174730,4458030,2926445,2604,50589,4899,2832,394,12606,6296,4627,4691,475034,38390,68567,5861,91019,41558,18325,90114,18099,13855,54000,1018,25414,141,6306,260,54625,127,29304,2,795,412,54,28637,5,5,1738,15068,242,33,16,21,569,257,7,18901,5636660,920590,603300,115500,302800,295700,96.86,1123860,93735,384545,937,18.3,9680,4736,115,126,962,524,3459,737,2364,336,25785,304631,74200,24838,26562
R45000,宮崎県,1042000,1032000,133000,559000,351000,6474,7136,1.63,16111,16844,18573,468575,1030106,167776,3805,1759,773416,187508,91919,3602456,2448276,2289,48940,4860,2795,347,12268,6509,4815,4794,446103,34153,59990,5534,90051,35959,18477,83484,20304,10636,63700,408,15444,88,4575,232,57196,132,30341,4,459,214,51,28754,2,7,489,9461,86,34,8,24,663,244,5,13894,2752930,107330,556800,90700,304400,316700,94.35,1069891,67273,375930,963,16.9,9351,5519,136,115,918,488,2908,734,2288,419,31267,257997,73243,16714,19658
R46000,鹿児島県,1549000,1533000,197000,828000,524000,10037,10540,1.54,23925,24547,27761,725855,1528471,282664,5619,2455,918618,328724,127358,5610271,3824743,2408,71793,6442,4529,492,18837,8636,6677,7324,659951,50967,82126,6584,133323,55384,26773,140795,28199,20161,110700,848,27573,134,7425,491,85954,220,45323,10,875,519,89,41952,4,6,1668,15525,227,63,20,48,1008,433,5,19685,5790520,269980,899600,184200,450300,470200,88.49,1591851,127685,529085,911,16.1,14346,6756,159,193,1385,795,4668,1375,3307,584,38795,279132,74045,22957,23766
R47000,沖縄県,1468000,1443000,236000,882000,350000,18157,13594,1.70,15054,26410,27054,613294,1430169,229602,6546,3087,228209,112607,81558,4260875,3179860,2167,63593,4653,2765,782,14478,10393,5701,6018,584191,45133,32208,14136,120392,72285,24890,111028,10674,4073,36100,3023,63536,151,6518,266,100472,150,50484,0,0,0,64,42535,2,8,749,17937,88,39,18,18,434,439,11,40292,20038190,2536640,699400,65400,267100,234900,74.92,1482961,62243,475295,878,15.9,11398,8495,244,77,928,610,4029,889,2435,631,57035,251222,73453,27521,18482
